id,career_id,responsibility,display_order
159aa4a3-df35-4a64-85c2-3cddb1d58dcf,fd3e273c-4cf1-4b20-9122-2df8484865da,Ensures products are accessible.,1
dcabb488-1d53-4a6b-adf8-4eee7f01cdbb,1941ffd3-962a-4a65-a68b-9ce983610e7f,Closes B2B sales deals.,1
594164a0-fdae-482b-99d3-c26445d0fa73,0b984268-b7f8-40a1-aed6-f4ade5897cd1,Manages relationships with existing clients.,1
b5310662-9612-4bce-8f50-98cc6d1566c9,c036bbc5-03a4-45e0-985e-eed3fde14342,Maintains financial records and statements.,1
da056c72-15de-4d85-a748-fb320d082a91,b3662f0a-eb24-4380-b4c2-f45812015914,"Performs roles in film, TV and theater.",1
d5a2a449-6fe1-4a8f-995b-9c70bb8b0811,a98c5ebd-39c7-449b-8304-2da02a3860ad,Uses math to assess risk for insurance and finance.,1
01fe6b1d-297d-4933-b8f7-8815340dbe5f,634c9313-9316-4de1-8b50-527197fa3cb8,Practices traditional acupuncture.,1
950fd838-27cd-442d-a10c-1a1d4b7d05d0,738d1cf0-4ec1-4002-8ccb-39379969eebb,Manages college admissions.,1
fbd90f89-747d-493d-94df-dc53b872af65,1d5d6c43-88f7-4b41-8c6b-e2e6f717313a,Leads adventure tours.,1
9e3763cb-9028-417a-97f8-dd82b618a117,501a0727-4141-4aa6-992c-77193e7ab8ff,Designs aircraft and spacecraft.,1
71ff09f8-bca3-4367-afc5-a0f1772f1a37,a912f566-dae8-46dd-8477-759d824e7eb0,Earns commission promoting products.,1
77ceb063-d548-4494-8b49-621fe66ff4a9,8ac2c589-7f8e-4a18-98d1-ed2e7dbc9804,Applies engineering to farming.,1
52668239-3f8d-460c-9832-cc1dead18eb8,365b0f83-e84f-43ab-a985-8a76adbf0094,Builds agricultural technology.,1
7b314a28-5c07-49bd-b905-46cf66829d15,8ed91ab3-df28-4f85-ad42-7b35b2d86226,Edits AI-generated content for publication.,1
b8eccb44-3f55-4d5c-93ba-92a7e4e5ee70,03ea1778-5ea3-4b4f-9b94-6855a384b906,Supports customers of AI products.,1
cb9203ba-ff3f-4d2e-84ea-71ecd699c7ce,a41862ac-82a3-4719-b432-bf90bf19a592,Advises on ethical implications of AI.,1
74f3808b-533a-4358-bc13-dbd509ec359e,6c29b48d-a3eb-4395-99eb-48b8c68f7ef7,Manages AI-powered products.,1
891d51ac-9101-464d-88f1-915ed81a51b8,544cf14b-7a36-4b35-988b-adc019f616ea,Researches novel algorithms in deep learning and AI.,1
ae211f3d-9150-4522-a2ed-ce219dce52ab,156ed6ac-9264-416c-8377-3581609e57ba,Labels and trains AI models.,1
0e475553-48d5-4a6f-9c3d-1e338490b666,34da7903-674c-464c-80dc-3757eb652e10,Designs AI-powered workflows.,1
06d1c17f-2a10-47ba-9368-370933c55b93,153878fa-54af-4bfc-9694-03ba39d6f953,Officer in the air force.,1
5b7c2fd1-dbfa-41a1-a06f-18c93d747367,2718f167-f488-4e72-985a-0f3b0cdcf155,Coordinates aircraft movement.,1
3b88476f-b3e2-4fb8-8606-1b065370f3c1,c9065566-b81f-4f92-bca7-96666e424aeb,Maintains aircraft mechanically.,1
108df4eb-6216-4438-9d2e-8dcb95d4e1dc,22f5eca9-2918-4b03-ab0b-444c98e1378b,Builds algorithmic trading systems.,1
e6d825ab-e22f-4bd6-ac6d-f8d291df7748,949ac5d1-2ecb-4d0c-9453-f4a85e66c91f,Sells via Amazon's fulfillment program.,1
dbdbd4a2-c9ec-4cd5-b971-0ffdc84e7c17,e800e865-4f70-469c-a9c8-668fb2ba3f41,Investigates anti-money laundering.,1
9add9e19-90fc-425d-8c9a-e333d463041d,183697c6-14ad-4db4-a84e-11ddaf0ea114,Builds native Android applications using Kotlin and Java.,1
0192998c-a14c-4429-8c9a-1c1a186343f1,87add0d1-7b93-44e9-941b-800dbd1612f9,Manages anesthesia during procedures.,1
bcd45751-b276-4645-883b-c7c9d7ee1144,6d8aa349-a2ef-47dd-8771-712f9d476a9f,Funds early-stage founders personally.,1
b14d51dd-747b-4367-8b0d-f9dc87644b56,2580a263-586a-46df-823c-d2000c0be036,Builds Angular-based frontends.,1
59603a9d-b065-4fe9-b248-a4d51e13256c,0e248f12-4e2f-4086-8b87-7b5dcb45c6aa,Studies animal behavior.,1
d03687d8-7094-4285-b0c6-7037c2b0b65e,66ffbc22-1a4a-4e8d-91a0-4615915d7371,"Trains animals for film, service or sport.",1
3e2f30b7-c019-4dac-ae1b-4cec5f36650c,714f63a7-5f55-41bf-af7f-7ee05b0da23c,Creates animated characters and scenes.,1
0e749113-9af0-4989-ac01-694e8fe8e859,03022e59-d3a1-42f6-8be5-447e5ac4b063,Studies human societies and cultures.,1
fe9f36b0-70db-4d93-818b-d4110c23f3a0,c635181f-9b1c-47f9-a087-64b3845903dd,Buys and sells antiques.,1
075f6304-31db-4095-90f9-c976f1d6a9a2,db5e9b3c-f693-4bba-82f2-3a01ac37660a,Applies ML research to real products.,1
d409f4e4-faaf-4a02-b455-fa40e0685dbf,64bbc8f1-a329-4629-88b3-328220d3708b,Farms fish and aquatic life.,1
7b395b86-7a83-46fa-960f-e0961d1ddd7e,a8e75caa-745d-48af-b73a-da9b0518d8c6,Creates augmented reality experiences.,1
0c685d4a-9d02-49d9-a440-d0a2b6d0ac48,efd3c8f7-1df6-4766-8e7b-b33c7beaf143,Builds augmented and virtual reality experiences.,1
a46c92a2-dfbc-41dc-9fc6-6eb9cc19270e,7ea06f8a-47db-4320-bcbc-be228eca929f,Decides disputes outside courts.,1
62d8b4b3-13ac-4be5-af0a-a5cbcb778ef1,1c18ca6a-1c6c-4441-8a17-adbadfcca5d6,Studies human history through artifacts.,1
9c790d5f-ccc5-4eb8-88a8-df4445a604f9,99de4035-fcc5-42ee-92a7-a90b303a5690,Designs buildings and built environments.,1
7285f79b-d6a0-44f4-bb33-5ed6a61cc938,1b6c7ca9-0b01-4b8a-b30d-04ae58ca925a,Curates art exhibitions and collections.,1
ebb7aa06-c02a-48b7-8fb4-f66fe5075ed5,73cecaa4-5d44-4ba5-b71b-659c302b5184,Buys and sells fine art.,1
dc8ffcba-a7eb-4f79-8f26-1f142d2e5981,c7bbfa2a-b50a-456a-a5c5-f13bcfb56002,Leads visual style of campaigns and products.,1
5d18b606-4a53-467a-97b8-3be4b603fcab,5866869c-1e3a-4f58-bdea-f7eab73cbe8b,Teaches visual arts.,1
8ec0e29f-5b67-4298-ad61-3f886818afc4,f969e97b-7fca-4795-bfca-811f8ab37ebf,Uses art for therapy.,1
a08ea14b-89fa-495a-b5ae-9f1413352ba0,4adb4ab6-3271-42f7-a642-9d6b35277520,Studies life in the universe.,1
cb15f831-bfd2-493c-af1c-70dd6d6bd16a,ad76688d-5008-4ca7-8b7b-fc983d5b2e11,Provides astrological readings.,1
c364fe75-5714-447a-9877-391cec108a32,72f87167-8e38-4e90-a573-26abc1e95b23,Studies celestial objects and the universe.,1
31a1e704-9531-4b07-8e3c-5c3306687c65,33186e81-1fd0-4845-9c59-691e91599729,Teaches astronomy publicly.,1
3fe8804b-321e-43f5-869e-66ea79453f04,b311dfb2-53e6-410b-9593-1269e6ff4d12,Researches astronomical phenomena.,1
52eb9371-0b1e-4c2c-a429-c39aa07ac07c,fb15517a-5511-4584-9b10-0afd85fcbb66,Works at auction houses on valuations.,1
866c647c-879c-4c47-9aa1-5c405bbf3718,40a87a7f-5023-4bcb-b1bd-1df34bb7ee60,Conducts auctions of goods.,1
4e6ab083-6b78-46e8-842a-c99d63db695b,f4c6a120-f075-47a4-a56a-293a2c748485,Diagnoses and treats hearing disorders.,1
017c6a2e-4f51-4bdd-8763-92ce4adfb903,5e3086a7-e0ac-497b-9444-320887750f28,Examines financial records for accuracy.,1
ec7ea684-a917-42a5-9078-d289bbee5087,3e105fa9-5b66-4f0b-90b0-1b8f3e000242,Repairs vehicle bodies after damage.,1
13618c74-82ec-464e-823f-7cc935876e65,70aded81-45d2-4e4e-a0cb-3d70646fd245,Designs vehicles and automotive systems.,1
f45db65c-3765-4d93-bd24-7dfbdbe9cbe3,289fe8bc-419f-43fa-91ae-16d00cc1ebd6,Builds self-driving car systems.,1
c3478f90-af6d-4778-abb9-30f37a8fea9a,ea37ea6c-da7b-44d9-bc63-9f9be5ad57c4,Maintains aircraft electronics.,1
7f10d429-b385-4ea4-addc-fac4e537f148,47d6e011-6a62-4f92-9ed4-fa7ce06677eb,Practices traditional Ayurvedic medicine.,1
a0f49885-f611-4bcf-b623-6fe10587dd7c,f7d29743-218e-4e23-a185-804b35693a22,"Designs APIs, databases and server-side logic for applications.",1
6757233c-a6d9-4864-bc5a-fca38dfbd978,93970b84-0fd3-4384-ba23-63d028d2d5d3,"Prepares breads, pastries and baked goods.",1
63130c1c-4a46-4b41-8666-b433e01a2c11,ab512c82-fd6f-478f-86bd-4eb043f00b14,Runs a bank branch.,1
4f3765f3-bcbd-4bca-8bf7-f1074802f82e,0a90493a-a261-490c-b1ec-65262644a32f,Prepares and serves coffee drinks.,1
ba760d12-2475-421a-a645-14a37358e08f,2b368684-be3e-4290-906b-6298458ad159,Mixes and serves drinks.,1
11937e1f-7a31-4dd1-a7d2-7634b3fa9d08,b9bde5fb-c7c4-46ab-b132-053abd653134,Manages bee colonies for honey and pollination.,1
30034158-9e5a-448d-b244-bfde9f7dfc86,a8447e47-3087-4fde-9e41-85ab6f9c514d,Expert in non-wine beverages.,1
d0e4fb13-c098-4610-afe9-f4c304322bd3,f554568c-0472-46ae-8bfb-fe389781fd1c,Builds large-scale data systems.,1
a5050b18-eefa-4876-ab4b-372225f49ddb,5b989f35-a9cc-4ae2-bebf-9f37e7d6d962,Manages building information models.,1
9291a5c0-3297-435e-a26a-75be4a2b6f23,a964d04c-9851-4252-94d1-e9cf4af6626d,Studies chemical processes in living organisms.,1
cb103a51-49d1-45f2-ab4b-ca46f0fe593d,cda2557e-2be5-4b55-9d20-c5dfd465b119,Analyzes biological data computationally.,1
ed618c49-ea48-4cf2-b6a5-86cd6ad3b541,cebea589-6fe0-4309-99c5-d5e50b43f9fa,Studies living organisms.,1
c441381c-2d4b-45c4-a6ea-519a3d249242,d8aefe92-bf59-4028-a1a8-437915b7d344,Designs medical devices and equipment.,1
ccf67fdb-f872-4196-b85c-d591a032ebcb,6d16bd5d-38b2-440d-809f-80e0f3f9f05b,Researches biotechnology applications.,1
590b470d-3d0d-4ff6-9111-9dd4b24d121c,482dece0-fd37-45bf-8208-2d50faa81fda,Supports women through childbirth.,1
c9292d46-5a0f-4923-8e85-6314a70eeb9c,4f3426ba-e546-4764-a085-fdc7cca19e70,Builds smart contracts and decentralized apps.,1
62d5b806-019e-447b-b3d6-af8d98e553ad,b1b0ba4c-a59a-45a0-832e-ea259a766d94,Reviews books for publications.,1
341dc2c5-dba1-4d32-bc5d-82c17f7ed031,eba946d8-9535-4297-a900-f69ec6bb4747,Sells books retail.,1
d6106a28-bd86-41f3-bfe7-de48d390b90d,8754afbb-f563-4868-bc36-fb53160c788c,Teaches in coding bootcamps.,1
e5b9fa4a-8b32-4495-9b83-e7855f443d5f,df1bbac4-7c93-4b5c-86e6-bd905b8fecf7,Studies plant biology.,1
b9b62cbb-5cb6-4ffa-b2e8-98662225cfa8,cebe38f4-fae0-4eea-a09c-8aa59c72f695,Researches BCI systems.,1
9a520004-012d-41c8-9862-11637f172aaf,0bc39c1a-6d45-47c4-a9c1-a5c9ce7c6cd8,Builds visual identity and brand systems.,1
1b7534a2-7be2-4203-9e71-a714bfbe5505,69017f1f-daee-4c49-8358-72afdb12c263,Owns brand strategy and positioning.,1
7ef68feb-9684-46d4-a241-80f933f6be21,52fd0354-829f-4e36-918e-faceeff77588,Designs bridges.,1
8557cd99-99cc-42d5-ac57-70e8d4578806,fa534295-2bcb-4d1a-ad08-9ae59965f054,Transports passengers on routes.,1
987bb680-35ee-4546-ace9-a303bc3fe1db,6c4ef3c5-9e34-4a47-9b50-f554f45a87b1,Analyzes business problems and proposes solutions.,1
e2dc84f3-17bb-420b-9e3d-4ec395ec0d47,d753cc59-2403-466e-8b3e-4dad868a7a28,Identifies and closes growth opportunities.,1
66fbb2ea-8f78-4e05-86b6-0265d2f48db8,5d0df09d-657f-4a64-abdf-a0200ebb4a95,Builds BI reports and insights.,1
012acd95-edad-4ceb-8fbd-80691b72415e,84e4dcdf-26ce-410b-adbd-d6c0597a53f0,Prepares and sells meat.,1
ee39343f-9018-4308-b848-fb28f8dd0a49,c4e31210-a274-4baf-a3e3-d2c76f427d67,Purchases inventory for retail.,1
7faf2aaf-b0b4-48ba-8b6e-b4499a671d03,1bceae38-4a77-4183-99b3-56746d7cb1a0,Owns and operates a coffee shop.,1
bb489936-c972-47ea-b6ac-5377fad7c072,cecf38f9-07c7-4132-91fb-b3b0b0125f09,Practices the art of decorative writing.,1
39ca668c-924d-47ba-b96a-e98e515d4b86,644a1459-f00f-47d7-8fe8-ffcb68ecb941,Researches cancer treatments.,1
0ea4666e-fa6d-418b-848a-08a0a73864be,24415957-2e5e-4779-a183-ff6a31c52a91,Measures and reports carbon emissions.,1
9ac882b2-8646-41ff-9198-87983aebc8fe,ffb2812d-4910-41b3-b1b6-9bab3856f90a,Specializes in heart conditions.,1
66eaf56a-cfee-4cd5-8cf3-7c9452f98ccd,3acf6b92-236a-4f01-a3ce-3e13e4445117,Guides clients on career decisions.,1
0738550f-4ef9-496a-8965-8dbc3126df15,d72a5cda-b4c8-4d6d-8b0a-b5804f9541ff,Counsels students on careers.,1
5dba5df8-660d-431b-971a-b4680b555e92,2cd225a2-6413-4558-a48f-53898de51e9b,Builds and repairs wooden structures.,1
14143704-33b9-4919-ab6b-f110261a4552,ec9294fd-2fce-4461-93f0-fae5cc39196a,Draws comics and cartoons.,1
a123ef6d-1394-411e-b214-9923391327c6,e122dd95-adae-464d-ac54-8aa18bec7e86,Deals cards in casinos.,1
05471d99-d94e-4c9a-889b-a7ff2e35e90c,ff158f99-1830-4c86-8cd7-24f8145e5bd8,Runs casino operations.,1
26c585fa-8337-405c-ad65-f33a569eacd9,6a0f97b3-1128-46c8-8137-643ed1071240,Casts actors for productions.,1
2fcdac80-c954-4180-b554-c52822bbcc6c,9c952ce4-e926-4ebe-90dd-69dde800bb12,Manages product categories in retail.,1
acc8a191-a123-45b3-a4cd-1e12795e01d6,e0de6ebf-ccb6-496f-afed-bb08d5fe4480,Raises cattle commercially.,1
0c18ea12-49a0-4a53-9f0f-438634ccda6e,2a1a1e8d-3dae-4c1e-8d51-51be2091ab68,Leads the overall company strategy and execution.,1
5027fd78-8735-4ad8-9ab3-f670b1979179,5069bc49-7aa5-490a-a2ba-63f13d06ce5f,Leads financial strategy and operations.,1
2ecb94fa-cdbe-4eee-9070-cb9bef462d4c,29e424d6-607c-4904-a9a8-f25b89eeafd5,Manages reseller and channel partners.,1
527c16f5-dd27-4bcc-ae73-3a0db9dc43f4,91f1139f-fbf4-481b-b816-10331c407ce6,"Audit, tax & advisory",1
82206d54-1cdb-4902-b496-7de4ec5c65a9,1aa96704-791b-44d8-8c0f-6caaf0ee7d84,Builds conversational bots.,1
49848a40-44f0-4c12-ae41-c7f06d3b4bdd,978b79c0-fb47-43e9-a0a7-978bdae446af,Sells and curates cheeses.,1
ce2af2ca-f91b-4662-a0e3-37ce82cd5e56,89ae19e3-786b-44ec-8170-04a61fe8660f,Leads kitchen operations and creates menus.,1
f3857a3c-488b-4130-8151-c72848b8b599,fc51ee7d-62b1-4a95-adaf-9e47e456950e,Designs processes for chemical production.,1
4ad1d541-5f60-4ce9-8abd-7ea6540567fd,7d728727-62df-47fb-9a97-daa5118aa62e,Studies chemical substances and reactions.,1
bdb489d0-ef10-48de-88b4-4af12107c939,3091b832-63d1-4016-b27e-c2bbdb532bec,Operates as right-hand to executive leadership.,1
09cfeebb-8cec-472c-b727-2f3268106996,ba8a79d1-1d37-41b5-a890-0ad318adebc8,Cares for young children.,1
a540150b-eccf-44f4-a1a6-683e96d6acdb,f824809f-6a0b-4547-b48c-8e0f65c723d6,Designs semiconductor chips.,1
e1687912-d345-45e6-a7c7-250934f54742,dc1995f8-19ea-446a-ae3c-db1289fbbb18,Treats musculoskeletal disorders.,1
7350bced-d3e9-4cb4-afb7-8ef804c4a502,410bd83d-885b-461a-9ae5-b78f3a816396,Crafts chocolate confections.,1
53cb5baa-0eef-4ab0-9a4e-9dcf3f55010c,1fa64d17-e3fe-4200-a959-7db1fbaa5683,Designs dance for performances.,1
ef79bb6e-5902-4a46-940f-7a77211bb0e9,676731ab-fdb5-4b25-81fa-311152e0af86,Operates cameras and lighting on film sets.,1
3037f8b2-95ae-424f-8f12-772ed395c15a,ed2814ba-2bd4-4b8d-ae9e-df10e13586cf,Advises on circular business models.,1
4f539acc-af8f-4a9b-8f41-21a7f6538fd5,bce28a9e-6d5a-44bf-a3c8-3e182abfef60,Builds civic technology.,1
8c91c57b-6a7d-4bcd-9017-0074b06dd616,e411b5c9-684b-4271-af72-cf0208d88bf5,Designs infrastructure like roads and buildings.,1
2bc01c75-81ec-4a3c-a978-8a9ad6512a1e,5c119e9a-18a0-4102-a7de-7da1c379a195,Handles non-criminal legal disputes.,1
81bb67d7-30ff-4ff9-8b9b-276497ffb08b,aac90233-b8f0-4670-88b4-742a0bb2afb6,Evaluates insurance claims.,1
eb4eaef6-a418-40eb-b919-caa1b8b6f84d,776687de-4fae-4293-9e12-d17dea2cbf21,Analyzes climate-related financial risk.,1
da9f9aa7-f265-4f89-b0bf-51271add7ddc,d2da2879-5d41-4188-80ed-b6e724e2ecf2,Researches climate change and impacts.,1
688867ef-bf67-42ef-93b0-9f960e4a46db,0f9ac911-8cd9-4929-8df7-00034ac00019,Provides medication therapy in clinical settings.,1
620ed156-0505-46cc-a198-a706323a4e39,28b7ce53-70e3-4922-982f-f536c21647e8,Diagnoses and treats mental health conditions.,1
d67b0ff5-f387-4f2b-8e7e-3ca3da3e06b6,fdd2b1a0-3140-4f3e-8114-e60807140b89,Manages clinical trials.,1
1021686e-d826-41eb-b56f-22373baa0cf7,7c686905-5b2d-4925-87bc-bf0658bdf63a,"Designs scalable, secure cloud infrastructure across AWS, Azure or GCP.",1
4927add7-8c9c-41a1-8214-8549753436d9,0fd9fe2c-88ce-45e2-9ffc-e93aa9d55388,Implements and manages cloud-native infrastructure.,1
4c608336-3889-4834-a710-199f33132728,87c1ea7f-cfb3-441a-831e-f3f98c8586c1,Secures cloud environments.,1
d1f23b44-ab6a-4e46-b6f2-c3fe85814fef,c0b8223a-9bb0-4e25-ba6a-ebcec31656c0,Leads marketing strategy across the company.,1
7e5dd49c-79ec-4115-aa33-998bd095d7ca,42263bc4-7269-46a8-ae30-b3456814408a,Repairs shoes and leather goods.,1
8940734d-552c-4dca-8cab-6333e7f81847,9cc6513b-6a05-4c35-a0da-a08a3dcccad8,Mentors aspiring developers.,1
60f72ff1-279b-4f94-90c4-b92bfde0a620,dd683cb0-f42b-44d4-8aa3-c64a38240985,Guides students on college admissions.,1
d4e9ce3a-7723-4cef-93d6-49b7d5362bf1,a58ffa3c-729d-4e5f-b147-51128b698ace,Teaches and researches at university level.,1
4154d176-ef54-4095-9c54-44511c6ffb6d,81ddc7c3-daf8-4b3f-b99c-a4717155b389,Recruits students for colleges.,1
24d17704-9f81-447c-93bd-56341f4a2c9d,f038a826-c692-40da-8bfa-70d1112ad4e3,Trades commodities like oil and gold.,1
fbf55c50-f0d0-4d24-8ad5-20b703c83db3,904d91a4-28fb-44ab-8727-b819df2a2edc,Crafts internal and external communications.,1
521f3a33-a7f1-4b1b-9d6a-645a2ac8338f,5e3f4cf2-4dec-4f21-8e44-74e241238ae1,Builds and engages user communities.,1
f1c8fc20-65f8-4abf-a687-07428717e4c0,7c96e1b2-848d-4dc1-90c7-34c766e757e1,Designs pay and rewards programs.,1
04571198-180d-4dde-a412-7383c7bfdf7d,67e71211-9fe0-48b1-8eea-93beadfb9bbf,Ensures financial compliance.,1
51121d3f-19d8-4b0b-aff6-8328e305b47b,990e9e41-8d67-4825-b437-dfcf827c620f,Ensures organizational adherence to regulations.,1
6c94be6d-b187-4f11-a564-491f22d060f2,604394d3-5ae4-4de4-b2ca-295555cae587,Builds systems that interpret images and video.,1
d4572725-de7b-47a0-a5ef-1bade4353973,dfcc1361-9f03-4901-ae16-41c59a3a5962,Assists hotel guests with recommendations and bookings.,1
a29ffeec-729e-4f88-a490-0d11054d72f4,c91f5b5e-1bde-411c-909b-c271adc21e0a,Protects natural resources.,1
241ff381-d21b-4760-94ef-80baab6dbdf2,ff70e6c3-0e46-4b81-b66a-e10c4753ef43,Oversees construction projects.,1
aa3fc9bc-165c-42e6-806e-cfb608d586b3,fcea9e87-48de-4365-9e7a-d43079486fab,Senior consultant leading client engagements.,1
ea8a79e7-1e10-4f5d-9584-29a58eae0339,f4436149-e6a8-4b28-bb54-4af93cd323f3,Creates content to attract and retain audiences.,1
7a6514ad-9da8-4e72-9a82-268679dd31d9,081527f7-7a36-4949-bc9c-436a3fe7c8be,Moderates user-generated content.,1
f98d3520-54c1-48b8-aaac-bbf262a16bbf,17d6d266-8a58-462e-bdd2-081c64c1167c,Creates written content for digital channels.,1
d694601f-73bc-43e8-9a8b-18b207a4be80,c14ae932-ba8a-422e-9c2b-a47787d963b7,Runs day-to-day company operations.,1
ca163325-ed59-4b9d-bcea-f40ec04e675c,6e0713e6-d53e-4757-8f60-0bdc302b3ee1,Writes marketing and advertising copy.,1
4dc9a3dd-2998-45e1-8718-53404cb2644d,98bcbb48-b5b9-49ce-adba-847879d1c102,Provides banking to corporations.,1
425f54c2-9cc0-4207-b66f-47a4f29e42e7,37f587ca-d79e-4cda-876d-dac8aacccd67,Supports M&A and capital decisions.,1
51c1e4bd-d3cb-47a9-b0a5-9147f10fd2ef,d792ea74-205a-4b60-bb4f-96f2efa0968d,Advises companies on legal matters.,1
fa543b47-6a22-45f7-9ac2-6054ff62e068,aa3ca44f-1989-429a-8362-07f9f65e2e26,Trains employees in companies.,1
a753b56c-2296-4e7f-82d2-aa1ce381e58a,90f80f49-40b0-403c-96e0-5603276a956d,Works in correctional facilities.,1
4a7a8ddd-7e58-4eb9-ae50-cd98c0e7fe0c,bdda6926-011b-4464-a507-9a1a03eea58b,Designs costumes for productions.,1
b67d170e-93dc-4f35-91aa-c75986918405,224f069d-dd4b-43f3-a61e-38290700f66e,Provides therapy for life challenges.,1
8dd39f3a-3554-4554-8930-eb7898dcbc7e,ed4fc491-ed9c-46cf-b1d1-716813f14869,Supports court operations.,1
860e1a33-2191-41f8-befd-1ba3bae1e958,bbe4af51-cfa8-4d0c-9d90-d99e47972ab4,Records court proceedings.,1
42bc8fc5-4394-412b-936b-4932839426cc,5d93865f-f5c0-4512-9428-7dd981958e1e,Operates cranes on construction sites.,1
bcd61d38-76c4-461f-9caf-3ff5627b4cd0,094b348d-fc6b-4c33-b945-96cf6a50da8a,Owns creative vision across an organization.,1
a1c4da35-c3e6-4881-bad8-c9f7cf1a9b6b,b558611c-c19a-46fc-a03f-7a8f002086a6,Evaluates creditworthiness of borrowers.,1
a76a040e-d157-4caf-a964-f141f0ce39a2,ed4774b1-33b2-4401-99d7-9146f1101e7e,Models credit risk.,1
a6dfd6cf-9449-4ef5-8565-f7d81411f464,55afe922-a6f3-47dc-a828-0a212609f3b9,Plays professional cricket.,1
bcb4d22f-6527-465a-85a3-67dd8e28ff00,1221e49b-5a03-4d07-8f58-bb68f4d927bf,Defends or prosecutes criminal cases.,1
38104dda-56e1-441d-b473-bc9f3f1e6103,6f8fa038-65cf-451c-8115-275c3e5b5546,Teaches driving skills.,1
8961413b-c03f-40f4-97a6-f034b339f65b,cf1af439-e0a4-4ddf-b26b-b0957a451bca,Manages customer relationship platforms.,1
48b4a8a1-2740-424c-85c9-577b30ffb4f8,7f8e07ed-f69c-4e7f-9588-048724033276,Manages onboard experience on cruise ships.,1
eaeec466-6620-40a9-b90d-5c3a0de1598e,58d5d060-7873-4dd9-9634-01fae26134c1,Ensures crypto regulatory compliance.,1
3e4e8346-c81b-4209-b045-20c4c7432cf2,196be798-d325-4a98-a6d0-7100fb08da1d,Builds blockchain protocols.,1
d852abb8-4eee-46a8-b611-6f25db614873,25f72b94-973b-41b1-a6b4-32d504cbfb15,Trades cryptocurrencies.,1
bb3a7354-5154-4aa0-bcfe-39ca594a050d,e30d2137-c14e-4867-b53a-0c317164fb59,Practices crystal-based healing.,1
8a3dcf4e-baea-4d60-aae0-03a35bd4aa3e,ec97c992-653d-44f1-b268-c8c417858569,Sets technology strategy at the executive level.,1
6152d12d-3724-4568-91d7-ab4b185a3e82,492329f5-9de7-4184-922f-f416dcf59a77,Develops lab-grown meat.,1
dea408eb-633e-4228-8e02-c36f32188f27,e22cab25-bd94-41d2-975c-f2132d8b964a,Designs educational curricula and materials.,1
38b0ccc8-737a-4fc4-9456-2705af7c8f7f,8b8280d4-9a01-492b-a164-9d3fe3154715,Analyzes customer behavior data.,1
ef3a360b-fa16-4a4e-b537-0587e79df456,c39ce6e8-6a3a-4510-a9b0-bbecb09e37dc,Ensures customers achieve value from products.,1
b420421a-f1ab-4ed0-806f-9d65e79ce43f,66b7080c-7ee3-494c-a87f-80a4faadeb3a,Resolves customer questions and issues.,1
e691619c-0336-468f-9b73-7c1d20c7cd2b,95a5067e-5b07-429d-a04b-4166c96744cc,Enforces customs and import laws.,1
ed3fdb24-5d38-49c0-913f-1cda114bc7e7,34d97c04-3dc8-46f4-a7ce-2cf58a165654,Investigates cyber crimes.,1
7ad2b4b1-9d03-4446-9f53-ffc477481f78,8b06f2c3-35ec-4e3a-99a4-ae3b37fdbd1d,Monitors and defends systems against cyber threats.,1
7d6a9db3-e5b0-44c5-a044-b7cef0944139,b08539dc-ee94-41e4-8f6f-316360eb2eb1,Analyzes cells for disease.,1
bfed6b38-fa8a-46fb-a3f6-6bc27474a37c,0bf57e74-012a-4709-864f-9e00ada401dc,Operates dairy farm.,1
3f978549-8891-415c-b131-2fe7efcb0b29,59f1ac35-ee64-48ee-9ef3-e3155268f2a6,Teaches dance to students.,1
652453a7-1521-485b-8174-88b6472eecdc,d5ffc256-bad4-4ddf-98c3-0ba17a4aeb15,Uses dance for therapy.,1
e242db59-d74b-4683-a36f-b368eb52dae3,730e1173-3432-492f-aaa3-3d6a14ccac8b,Analyzes data and builds dashboards.,1
8bd18b2a-c147-490c-8d82-a3067dbd43f0,ec8eca35-9446-4dd3-8075-daa1cadee4b1,Builds data pipelines and warehouses for analytics and ML.,1
8bdb95fc-54aa-4ecf-8713-c9d8b7eb5571,ce01bcb5-e2da-4c74-b787-b78af324bbb4,Enters and maintains data records.,1
10dbcb28-0fa5-4678-9ed9-d27bb3a380eb,aee5eb99-24b0-4332-9153-e15d4dc7b335,"Manages database performance, backup and security.",1
6732fe0f-7ded-46b7-8e34-4eed4fadfdd9,cc1392b2-5a3a-4bd7-aa6e-62354e50b6e5,Trades intraday financial markets.,1
875748f8-e7e4-406a-9e56-f922c53035d8,3512e7f3-d77b-4c2c-aa45-f3cc11ddea81,Leads student affairs at universities.,1
2a02091c-bcb7-4057-97af-9af724796717,0fa71f5f-f8ca-437d-8511-64334ad8bf99,Builds decentralized identity systems.,1
d0076391-7115-4d9f-9b6f-1f4eee4ef68c,277e41f0-a756-4136-9081-13be788b5eef,Analyzes decentralized finance protocols.,1
bf5b434b-b47f-4222-95ae-903f0c846cd2,1b1fc5ce-161f-4475-938c-de4a4ff682bf,Delivers food and packages.,1
2b853ffa-8d84-47f7-8f3e-6ed473c093c9,6ef24a28-7666-4fb5-a3c4-821a0c4711fa,Drives top-of-funnel marketing.,1
7d290f43-d6c8-419a-8674-a6963a18ec73,65b0229d-70fd-41ec-9a41-5941c7463a2d,Forecasts product demand.,1
16cacf96-1a71-4779-8f13-55de8e8f0bb0,79d03ba3-224c-4060-bd82-d45f75d0658c,Supports dentists during procedures.,1
719c5cd7-abde-4857-8384-d22705b07b2f,b973f261-0852-40f5-822c-484ac6ccb212,Cleans teeth and educates patients.,1
5bae18c3-7da3-4fb5-8124-555b5625626b,cd03f834-e6f9-4375-b504-d53dfd174b4a,Provides oral and dental care.,1
91b9b000-b540-4353-a9e9-e60bf376c1dc,f8ecb70d-2b52-44d1-8f14-290126307025,Treats skin conditions.,1
67db923b-cbe9-42d4-b05a-3b8e6d19d2ea,4bda8de2-72a5-419a-bbcd-df1e8c4cb211,Promotes regional tourism.,1
acfcbc6c-9b3f-446a-b02c-0cef84fd8433,c10faacf-2c25-400f-9a24-ca072475bab2,Investigates crimes.,1
7cf51b90-a206-49fe-ad94-6a60be8d96a1,e6c1af97-a1a5-4250-953f-2254f57f761c,Engages developer communities.,1
845a7fb2-8d63-459d-9f9b-416fc5c4868b,6def81c8-75b2-4cba-b821-c123855f1530,Leads developer relations programs.,1
ff17d7fa-1ea0-41b7-a8c0-55218607c00d,4525c660-f09f-4f2e-a949-bf834f89ff25,"Automates infrastructure, CI/CD pipelines and deployments.",1
f6294c17-86a0-4494-b683-e663e0aba907,508590e8-6adb-4444-ae64-d2681c4548f2,Designs nutrition plans for health.,1
33f0176b-c754-42c4-8865-af3bb32549c9,59d32571-bb76-447e-9c59-f0102d33d794,Runs online marketing across channels.,1
cbe57c40-809c-4c1a-a1e2-35e448c2bb22,8fd6cd61-aaef-4df1-8d58-82a2a131c2f0,Builds digital twin systems.,1
aecabace-68a6-4e94-978c-cc4e422b0169,fafaa1bd-5bdd-455f-bd3f-708dc9ce9624,Represents country abroad.,1
bdb7954a-4f42-4184-b2b4-406443e78dd4,b60bca24-57d5-4090-9b1d-0f3c8f730d9e,Manages recovery from disasters.,1
d1d0b987-a906-427f-a49f-6bfe6fda6ba3,c50c91b1-0c6d-49d8-a00e-20ac88ee4a49,Drives DEI strategy and programs.,1
7fbdf04c-1155-48fd-8060-95b0ef7b86cd,c206a559-d3eb-4647-8a7e-910e0ec512dc,Recruits diverse talent.,1
cb61065c-1c6c-4bb2-bc71-f1e8dd1b382c,8bd57f4e-fa12-4f76-89a4-47b5fd93e62e,Performs music for live audiences.,1
92ee9b44-d540-4c7e-85db-91346faee15b,3ddb934d-6593-464f-86d7-e526f4e24fa3,Diagnoses and treats patients across general medicine.,1
ac9503d2-f2a4-49bd-8ffe-d519fc6654ac,5293d9af-e6d4-4179-8fd5-0d86c39e50ec,Produces documentary films.,1
e22b59d8-dc60-48d5-ae0b-0189a7a0bde8,a0ab0810-303b-4267-af31-0148fbaa9278,Grooms pet dogs.,1
afd763a8-8eb3-487f-a79a-08bf905fea81,4f17135d-32a2-46c4-a5d5-e0ed54cfff84,Creates technical drawings.,1
7ecbb30a-1422-4017-95a0-7a3a6e152256,e2c20bab-c529-472d-9d42-37d36857efe8,Operates UAVs commercially.,1
aea326b5-7582-48f4-a2a5-89b9060ea247,d17f9e97-7eb1-44dd-bd9b-1ff4bde9bdc2,Runs an e-commerce store without inventory.,1
9f0c3f66-fb02-4355-971e-d40abd77e9e5,3c229710-6016-4fdf-b8ef-f91572162e3a,Sells products online.,1
343560fa-846a-4455-a591-d5cba1c1c97e,4d65e2f8-07c9-4207-98e2-98342ffbda63,Commentates on competitive gaming.,1
46d26f66-fd10-4ad7-a9dd-59ac3016297a,b9018be3-ad30-4160-9016-0bc8fad9d170,Competes professionally in video games.,1
08393a13-ce29-414b-bf7c-e65d4c5b1c70,7df4b8ed-e428-4928-8b2d-eaa612a71286,Studies ecosystems and environmental interactions.,1
543c59e5-b366-458c-971d-583a5764615e,53eb31e2-2dd7-46f6-be88-d167ded1fb6b,"Studies production, distribution and consumption.",1
6fe24236-7966-4d60-9dde-0110c9f9f66c,f806ba84-22c2-4768-9c71-4732f32d6cd2,Builds edge compute systems.,1
ce6820c2-6fbb-4911-906a-4d879e41a543,a4963511-11cc-4f70-912a-99bb9c241e1c,Edits content for publication.,1
f4965f09-c13d-4e1c-aafb-1fe49b3b4b22,26231bc2-b97b-49a3-a8f5-3136fd079b59,Builds digital products for learning.,1
188d4bee-3484-4a04-8324-2f2deaac0bb0,be0b7c45-8f7e-4736-a066-708a15583b0a,Manages edtech products.,1
94b04fae-2e92-4697-a270-7f35d54dc0e6,0b1bf9b6-9f79-44c5-9f90-50d8f7eb2a32,Advises schools and learners.,1
b84cd3ca-a7b6-4bee-b796-3be226ce0bd4,34a3b935-99c2-435e-9181-09e92984d525,Manages educational programs.,1
04c7b12a-29e8-4974-92c0-66cc8985d7d3,98a0fe8e-c36e-4948-bb45-330eaffd9e52,Creates educational animations.,1
0b8823a5-01a8-4382-8de9-0b84d71937e1,4a787e5e-84f1-4602-8303-75017da1ec5b,Cares for senior citizens.,1
004176a2-3dbb-4527-9c46-40b79d6e04be,987cdcfa-c167-496f-a301-b7ad02d0c583,Administers elections.,1
a902dbb0-60e9-4ded-a1a4-69ce6687cbc1,f0e8c9d9-5c01-462f-b3e9-2060b619b4c4,Designs electrical systems and devices.,1
566f5331-c11a-49b6-bc34-dafc5c368af6,4047e6f0-ef81-47d0-a515-afca6c8c21a4,Installs and repairs electrical systems.,1
da7eb72e-48e3-4b4a-9224-b426af7e85ce,2fcf16ec-ce22-440b-b048-116cab56b469,Designs electronic circuits and devices.,1
08f30af0-63bb-42b5-b97d-5e46ee2f054a,78df5425-d479-4823-a822-7d427c0015e9,Designs and runs email campaigns.,1
8f74e7c9-ac2f-49e4-8053-1235296be977,2150344a-8f43-4f90-894c-a075395119f9,Programs firmware for hardware devices.,1
18c18e2a-5e0d-4dac-a38b-06913ed7cbf0,c1cb4d99-03fb-4a38-9696-57fce0e1cfd1,Plans disaster response.,1
ac64b446-0de8-418b-9f9e-79d950e8eca6,62323d33-a62f-4357-939d-28dcb2b5cac9,Audits energy use in buildings.,1
2cf9e1fe-9b62-4f6f-8d89-be330ba47a37,8b827a4b-e3f1-4e54-bcdc-835fb458366c,Leads software engineering teams.,1
bf13588a-22e2-4ed6-b9fc-c44104dce4f9,b1b68d9b-0a23-402b-bc51-f3c45074f8e6,Sells to large enterprise accounts.,1
7d04061e-a564-4201-b30b-565f0329f822,2bbe31fe-c45d-43cd-8378-61ee2f8cc287,Founds and grows new ventures.,1
c20a48ac-ceb3-49a2-8e0b-46297eb82932,e3012873-ec58-49ff-984a-fd63299eba97,Designs systems to protect environment.,1
b9d94265-5f35-4403-bb7e-a4b905d98bfa,79ed176e-91be-4f2a-a138-b8ed61cc6f0f,Studies disease patterns in populations.,1
0fd02393-a8c7-42fd-852b-1a8fbed68172,8d5cfece-9dff-4c29-a222-8beb8bc34750,Specializes in horse health.,1
241bddf0-8d19-4233-815b-22768b7e9df6,be866cad-71fd-445e-ba02-e84aa38ed684,Researches stocks for buy-side or sell-side.,1
af62e376-05c0-4a08-9bd3-538f3d045776,aaa62745-8383-4c9e-b2dc-df5cb3d2bec5,Provides emergency room nursing.,1
a2b217a0-0322-43ad-8709-da973d5b536f,49973a43-f5e8-4201-83eb-7486aafe7240,Implements enterprise resource planning.,1
7f2e31a5-059c-4985-b0a3-a2dd22c01276,211edb68-cfd3-4977-bce3-852dde69c95c,Evaluates environmental and social impact.,1
b1923a96-8327-406c-a68c-563e10d728fd,e1f451d6-4e01-4ca0-a764-4ccad6e00135,Teaches English to non-native speakers.,1
808d8b7e-e7c4-4873-8e7e-017724e85676,8e57590a-6864-4574-bab6-e96c21ac85c1,Provides skincare treatments.,1
3661a580-d75f-402e-bd0b-1a99fc4fc7e3,3cffa2f9-c389-4b91-ba4c-c0c4a7a49ad3,Builds data extract-transform-load pipelines.,1
8c2c2f2f-c59b-4619-ac86-694ad48ae761,5024b6c4-5ec4-4285-a729-259c345ed03d,Plans and executes events end-to-end.,1
96b83044-6bd8-4996-b867-9f72d6917728,f0e9af22-b410-4e19-9cc6-a423fb2a7b17,"Organizes weddings, conferences and parties.",1
48b20d54-d0c0-4d8e-8ce4-8b7401c55a6a,ad6940c5-347b-464b-9103-9960d83aec26,Supports executives administratively.,1
8513d287-a94a-46ba-8bf5-69f20029344a,ddc87a3a-1293-4ac9-97bb-678bef71ac90,Coaches senior leaders.,1
a0e51e91-19d4-4a60-980f-238ff96fd4b2,b99b7d67-02fd-4859-a9fc-00f12d0b1bb8,Trains and works with falcons.,1
64970876-9a07-4300-90a5-6d68b74fc631,a657dba3-d4fc-4567-9d0a-7b9d66254ae1,"Handles divorce, custody and family matters.",1
5498d249-dfa8-40cc-b8ec-7c8d97e3a34a,4d99bb18-3a41-4042-81af-d576797ad4c8,Manages investments for wealthy families.,1
e9737d54-ad2e-4841-b6bf-8596b1cd27f6,44ba77b2-2f04-449d-9394-53749d7c1a57,Cultivates crops and raises livestock.,1
b3c3e0dc-b1e1-4b3d-85b5-893656b19d03,cde8a0e5-e994-46af-a427-59c0013a8938,Buys fashion inventory for retailers.,1
1759fa90-81e8-4206-a220-a858839f6b21,40a0dbd7-8d1a-4a4d-8409-8e2d8e8d91cd,Designs apparel and accessories.,1
3c42a03c-85c9-4365-b0e7-ee933e652e68,dd07e51e-1630-4e19-8d53-daf4f825527c,Curates outfits and looks for clients.,1
bf40239d-e7e4-4be7-87d3-128145ec9d59,878c951f-dde1-47b3-aaed-8c63b836a3e0,Collects data in the field.,1
38a07c25-396e-4863-92e2-8d1bab7929a0,44d67d50-5124-4dda-b3ca-e706a04169bd,Sells in person to clients.,1
90098054-304c-4333-a0c4-3a8a0c1dbdfe,0f19d185-6851-4da2-b997-6384abbe7f04,Leads creative vision of films.,1
64bebee4-ee2b-4531-b030-83d213702a62,b55f91f0-4eeb-45cb-8a5c-c1ae1313307d,Edits footage into final films.,1
1fda164b-99f7-4760-89dd-48300a45d16f,25d0ce66-28ef-4bae-bff7-cc73f7d4d11c,Advises students on financial aid.,1
ce9133c2-19c6-4979-a91c-c9a0fc4fa283,1dd39e6f-e3d1-46fd-8108-1b4df83f94c2,Studies weather and climate.,1
207179ba-f666-4a24-8310-e04bc3c43a1c,0f12b285-e2eb-4e0b-9160-11d415780e54,Analyzes financial data to guide decisions.,1
cef17f02-7540-404d-a9a6-9726dea584fc,74e2648e-9790-4ed8-aa0a-87f959497324,Helps individuals plan finances and investments.,1
64a4147f-d862-4e0d-b54d-a2de42bf06d5,d6094082-74ae-4a9b-b012-5a68d40c61a6,Manages fintech products.,1
9af1af43-0884-48a2-9a52-426b801f8874,a4191ea9-31a8-4f9a-b43f-b626dc96db47,Designs fire safety systems.,1
4698f5c7-2952-4c5c-80fb-a20e10444d47,d68fa735-1b29-4cb7-979a-131ca3dbbd0e,Responds to fires and emergencies.,1
5f250a27-4de1-4daa-b9d9-a0cb7f7e6a6f,2b09b9db-7fb6-4fa6-99d3-c7534e766db8,Writes low-level code that runs on hardware.,1
6cad629f-f758-4eba-a605-79c04347ab43,a6568227-9883-42ce-a544-90fc4655c428,Manages fish stocks and aquaculture.,1
08a824a7-c440-4684-b5b0-c6716eb1e87f,463ee56a-1334-4a43-b59f-001ec9bbe45a,Sells fresh fish.,1
2d9e3889-8660-4576-979e-06b9dc599e0e,d273af6e-7e60-43bb-978d-352670502f4c,Manages fitness tech products.,1
595b8699-34df-45c7-82c6-200ec5d051f7,c2b2af2b-c556-4bb4-bb84-8892383c034e,Ensures safety and service on flights.,1
b4b1be88-2c59-4076-9c6e-84dd2f86185c,b099eef5-18f5-4183-bcfd-c486531af3a7,Arranges and sells flowers.,1
c69cd15d-3afe-46cc-b657-4f36a6dae961,03580e59-d83e-4bc8-8e2c-fdedb60fb73b,Builds cross-platform apps with Flutter.,1
d0282d3b-4a70-483c-ae1e-caf8095d2950,281c8bcb-e193-4491-a88b-935b5c4a417a,Reviews restaurants and food.,1
0bbc2e63-0c24-4baa-88b2-9bb83dab9aa5,747e031c-7eaf-44ed-a8c7-3099bf4d3337,Develops food products and processes.,1
64b3c1cb-5590-4d71-9b42-6f0487f71906,e437c6fd-4745-414f-bb3e-e6321965571d,Manages food tech products.,1
1fd912d9-e556-4976-9f7f-bcbb4cf7cb35,409b2495-0fef-4941-a0ba-9a2cf1df148f,Plays professional football/soccer.,1
5f3d4efa-3cfa-42cd-82d1-70a6e5d7c220,fafcf25a-a3da-47ee-950c-19c29502debf,Applies science to criminal investigations.,1
e726073d-01fe-49db-9620-2eb9df306c0f,3f3ee8a2-f64b-470a-b192-8e562adb67fd,Investigates digital crimes.,1
84e2da28-ea93-45dd-9d79-e8a254da698e,a8429dd3-1cd8-418f-b15d-7da6c2a44ce3,Leads nature-based wellness sessions.,1
ffcd6960-eb71-4c06-82c4-b20e3aafdc00,f3c4bab8-4660-4796-b250-e91fbb8fb7e6,Manages forests and woodland resources.,1
2017750c-a59b-4caf-844c-e1650831cc94,b16ab348-4005-4b96-8517-1db893811985,Manages foreign exchange operations.,1
dd5e43e6-3669-4afc-a3dd-9cbac5c395c3,2168303b-7a44-45cf-b038-ef7a40207391,Trades foreign exchange markets.,1
5e7bf0e2-cbb3-43bd-9c0f-2b261e6d7f1f,4ba267aa-ee9a-407b-9f42-3ad98542181c,Operates forklifts in warehouses.,1
723d69b5-29ba-4feb-88e6-f4b099e4760c,76b1ec49-d37a-423d-9190-9f445bfa0985,"Builds budgets, forecasts and financial plans.",1
b2ae1e6e-5b3b-495d-b539-5379a7aa9515,e90ee7b5-be08-4674-9c58-f49647d387bd,Designs programmable logic systems.,1
536700db-5633-4d83-b611-80915233592a,0158e92d-f233-478c-a742-4b2b504ab6a0,Owns and operates franchised business.,1
c59cd568-9aea-4f70-ac2e-297cefa2d8af,ee9e3563-6834-48f0-a828-78db1041a2ca,Detects and prevents fraud.,1
82a90c00-4666-4e14-804d-a404e29705f8,2334190b-7c7b-47d9-b82b-ff418ca5195a,Provides design services as a freelancer.,1
92883c76-7073-4239-af73-d96f5cddbe40,47d37a5b-0cef-427d-8ba8-ee2861b34644,Provides development services as a freelancer.,1
7bae0e3a-18f0-425c-99cd-d00ea2d9ce8d,cf82e34c-fb7b-4045-9130-520fb65b124d,Writes for clients on a freelance basis.,1
0f11a5e9-69db-48ae-b453-eb5eed7335c0,e2a5b796-17e5-4dbb-af7d-0df2e3afcb1a,Leads hotel front desk and guest services.,1
a2bb1e10-9261-43d6-b214-20ded8d09723,50d97376-1b6f-42d0-8dc1-ad11aed34872,"Builds user-facing interfaces using HTML, CSS and JavaScript frameworks.",1
cb766277-dabf-4797-832d-5aac12e5d284,56f1b4d5-7ff7-45fa-b06a-7683e735d787,Works across both frontend and backend layers of an application.,1
5f85cbc6-6def-4cd4-889a-dabf26cb4671,59059212-79bc-4205-82fb-cd830d591cf5,Raises money for nonprofits and causes.,1
5b9f1311-6448-46c7-8bac-07c699652c9d,aa45fd9a-09be-49e3-9c01-90da94c2fd65,Conducts non-religious funerals.,1
3de1a93a-4a9b-4d91-b15c-a187905c1685,cc87760f-9de6-4874-bd1f-dcca48f2ba94,Manages funeral services.,1
22812f97-c1cf-4203-80da-80544dbcb40b,cf671a89-f379-4d2f-a967-bc9917e96a1e,Operates an art gallery.,1
098f8cb6-51de-43d7-8cc5-50353575aeba,2ea4a1ac-1ab8-4bf9-b8e6-3ae5fd40bd0e,Designs learning games.,1
a5545d6d-7b8b-41ec-989b-6e5299cbc106,2e5fbe1c-ce83-47c7-b4e6-aa4952ba8833,"Designs mechanics, levels and player experiences.",1
6dbeb5bc-f3a0-4147-8f80-8c07c1f00286,7d2aff5f-3a2e-48a6-a43c-b68ae98e3135,"Builds video games for PC, mobile and console.",1
fc8e0879-da6b-4cef-82c3-1f29cf223769,cd072d61-91d5-40fb-a243-f29c8968ea48,Cultivates plants and gardens.,1
90260912-9265-415f-86b5-0ddb21a2bc57,ce83dcd2-edaf-46f5-9bc0-5e5f8d55a4de,Advises patients on genetic risks.,1
a1bd06b1-4352-4230-ab84-5694a7637e25,cf4a221b-0efe-4c9b-9480-71a60d58ca52,Studies heredity and genetic variation.,1
31b7d1ca-1ce3-4ae5-95fa-a57c951a3519,8acc96c9-847e-451a-8ebb-01b3c5575685,Studies and applies genome data.,1
f28b3898-4e19-4be0-a8d6-691cd43dbe58,0f79b314-75fc-4d76-a3fd-72f6de98e511,Studies the Earth's structure and history.,1
731de8e8-cc16-440e-8481-058cf443a1aa,74b0302a-5a5d-4a5a-9920-c011b3776e55,Studies earth materials for construction.,1
926f6bd4-f68a-4398-9c89-f0e5032d6cfa,161fded4-c117-4552-bbd4-6dddca23a7b1,Writes books for others.,1
1c9c0f38-b9a3-4817-9165-b4bed0387cef,7fe20688-156e-4f1c-a0c7-100803e39e9d,Installs glass in windows and structures.,1
c1ed9d25-ef7b-4b51-a1fc-b9967895df5f,0b158ecc-1412-4758-98f5-524d152a95da,Builds applications in Go.,1
ca2ef7d8-6dc1-4ec8-a3e0-438f31626328,f78910be-c1b0-45ef-ba89-6a05f0e846f1,Advises governments on technology.,1
f2f26c4c-1f34-409c-9b03-ce43fbb52da3,856e702d-eeb9-4e3e-900c-2bba2baa9c57,Writes proposals to secure funding.,1
b1f6521f-99aa-4046-8bdf-9dcb61f14b71,89ab919f-8699-4ee2-a9dc-9e81b18ab1aa,Creates visual content for print and digital media.,1
6d735235-8d2c-4b86-94ba-f50b8b43980c,a2eb8c61-5c8f-4a61-890d-9f0516488ca3,"Manages governance, risk and compliance.",1
d825741a-5beb-4d7a-a3be-8419ca4a5ab6,2f289f22-c874-40fe-948a-6ef2293c2ee6,Sells fresh produce.,1
e3a55afd-5e09-4d92-9034-56515698e094,0d357c9d-4587-4c61-abbd-0e71dcfb1608,Drives rapid user growth via experiments.,1
fd604ef2-92d5-4c3a-87a9-c1f169ada4b6,361de942-6880-4094-bb78-783ea17f6c11,Operates a fitness facility.,1
e79b7571-01b0-4584-8ea8-32b115247fc5,4cc35b21-173d-49ed-8d54-b6f35f9731f2,Specializes in women's reproductive health.,1
7a9b7a1d-5d02-438c-922f-9c30e76c18bd,d1bfb44a-29d0-4138-b78b-91d8c28ff195,Runs hackathons and dev events.,1
f7e714ed-b9f9-4d68-95da-8fe774b576ca,46912bbd-43f9-4646-9719-4b5bebacbc02,Cuts and styles hair professionally.,1
1bfc9f9b-64f4-4af1-8cd2-4f1c2a3dcbe5,d9336961-276d-4112-bc2b-7987a58fbbba,Designs computer hardware.,1
eed3712a-01f7-427f-ae01-895f983c131f,c179ba01-cba3-4604-961d-7786127ae2f4,Coaches clients on healthy living.,1
fc99061a-c6bf-4644-a6ca-a9ca18a71f4e,b46927da-595a-4124-9931-c556709c93dd,Manages healthcare data systems.,1
06cde0ef-468e-4920-96db-56ad3e5b465e,3ba209c9-6077-4f35-aacf-5f489b695e19,Advises healthcare organizations.,1
27b854c9-f25f-4c93-8e25-3a2aeb1e0b3a,9f02ffaf-f98d-438b-8868-163f28a4a3b9,Operates construction equipment.,1
513bf7c6-3156-4177-8823-a73106e14dcb,5c6258cf-910d-4225-ab83-e343d4d97682,Researches investment ideas at hedge funds.,1
bff4b352-bf53-4d05-aa57-cf559ec9003b,519bb1c7-d3d0-4302-847d-6515bf995014,Runs hedge fund strategies.,1
1e9ce560-4f57-4f57-976d-bf12d54330a2,4e494154-4e86-41ed-9a1a-b200e5db3ab4,Builds high-frequency trading systems.,1
a2be59d2-1922-4cf3-9705-1207bfcd5b4b,2d4a5994-bca2-48e0-acc5-daac85737420,Designs roads and highways.,1
eb5eea20-2a05-43d3-8aa0-b958b1108ced,7c63c255-f5b3-4717-969e-d1404189a3d5,Studies past events and societies.,1
2fb62cef-eef0-420c-a1c3-c7f0f5cf46c2,ef1d7f55-5e19-45cc-8c5d-51d752abb01d,Prepares tissue samples for analysis.,1
92e9a113-6968-4e0d-8335-8b1aacfa4c39,c2967430-6a65-4e79-b3f8-066e6a7ad26d,Practices homeopathic medicine.,1
774d0c41-5c3b-458a-9132-177755609238,bdb751d0-8922-4a77-8bda-f9dfae200554,Provides end-of-life nursing.,1
1f5a673a-f9d6-4922-9c93-caacf67004ad,09e3009f-dbad-4535-91a9-0d611f41580d,Provides end-of-life care.,1
2c9bacb3-cab3-4a98-9ed8-acfde8cab68c,fb63d4ee-3b08-47f5-9138-8a15cdeded24,Runs operations of healthcare facilities.,1
f1e26291-8e31-4002-b4ce-78d8ae23ff90,2327d84f-c12b-480e-83db-841a48c63dd2,Runs hospital operations.,1
316b68e6-890e-4fce-b2ef-792f52b518bc,900a5004-995d-42b9-950b-4eb2b3694053,Manages hotel operations and guest experience.,1
9d5f5068-b840-4883-8828-d521f476b8c2,a51afebd-c66d-40c0-b2f4-bc3bdc23b86f,Optimizes hotel pricing and revenue.,1
32ce7c14-63a7-4b24-a519-fdbced4d4e4d,39aef5ba-cfbc-40a1-9643-58cc4017f765,Partners with business leaders on people topics.,1
c9a6d487-e4a2-4913-9cc4-7cd042912cbf,32e1b1fe-36d3-4cc4-a8c8-a5ac3fdea848,Leads HR operations and people strategy.,1
4ad9b10e-cd4b-4b1b-84c1-1b1ee6a24f83,fb7a8414-31db-49e4-b200-4346cb54b810,Works on humanitarian missions.,1
884100e9-1e76-49ce-9f11-58284632eb0f,b8e8fa4c-86b0-4d54-a4b1-ec5d4261cbbd,Installs and services heating and cooling systems.,1
7e9d90a5-7d9a-42b9-aaf4-65e1ec9dbd61,8e32829e-eeeb-492a-a55f-499a6671a25c,Studies water systems on Earth.,1
5527b203-b9a7-4e51-b522-7d69c8bea4bd,0c29ef88-215d-4f32-9c79-850bdcd36051,Senior civil servant in Indian administration.,1
1e11bb11-5714-4ce9-9445-cb8cf9e47214,88322616-886d-4bf7-b89d-7b3274916afe,Provides intensive care nursing.,1
4003a4d4-fe95-4cc2-9c69-65e528933466,6960eddc-6585-46c6-8ef3-8108934e6730,Manages identity and access systems.,1
5407c32f-0178-4ace-bd2f-d680102dbc54,d3dd5279-bbf3-455a-8447-6bcbc32862ea,Indian foreign service diplomat.,1
4fd5d280-3ddc-4997-b897-46427a4a02e3,640d4e16-a0ca-40d9-8437-93a6050a2dcc,Creates illustrations for publications and brands.,1
871c7dd8-01e7-4f13-aef9-784ae201d41f,4ef2d69e-237a-4e18-b36a-7d1ab4900755,Leads Muslim congregations.,1
b0d68859-078d-46a7-a2c2-ce4d7381ca8c,cbd20153-7287-42da-831c-83e6a2b4961c,Helps clients with immigration matters.,1
bfaaef50-aa19-44de-bbf0-81568cc90536,7d537e66-7c07-4635-9865-cb78621ab0b5,Implements software for customers.,1
02b67dcf-f826-4f85-96a7-b84e9f02cbd3,90fa2e1b-9678-426f-a9ec-34d4dfd357de,Responds to security incidents.,1
f539bc09-6043-4b1b-9d34-ec6ec16f44a9,8d27eec1-20d5-4d9e-8118-7b6409f16ce9,Studies microorganisms.,1
ac0b6684-8f15-4890-a2ce-43dc0ac4a4ad,b0a7f40a-9aaf-406f-9a51-5608de721108,Designs physical products and consumer goods.,1
16fa22a0-98b9-4dc6-bb19-1210fc00f0f7,dbb656b8-3c0f-4e24-8f85-181abcc4020e,Optimizes complex systems and processes.,1
27c60969-5f49-4956-a134-f5a2bd4ab9a7,dfbb5b76-9933-436b-90e7-bf2cf1154562,Manages workplace health hazards.,1
225a0d15-2d41-49d9-bdf4-1748ab6dafc7,68d2af24-1864-4720-9f7a-90a0485a5c0b,Builds an audience to drive brand partnerships.,1
b45640ca-a095-46ef-acce-8916da511e2d,d0d81260-d223-4aab-b620-8965f55bdf37,Leads security programs and compliance.,1
3c0b55f9-4081-4d84-8296-0e1550cf2443,53f746bc-2f7c-4f01-ba74-4a60d2b5476f,Sells over phone and online.,1
5c0a4414-c71b-44c9-95fd-6da353d0b3c3,f6e4fb09-0801-4ff2-8775-5f8aedc61d16,Designs learning experiences and courses.,1
134c6379-9bee-46ee-b3d7-c9f1256b59db,4f4cc489-5814-4d89-a438-dce9e8c2222b,Sells insurance products to customers.,1
75a27e3b-7220-41b8-b8f9-76467733416d,7a27bc5e-2b3b-4eac-8513-7df08134acbb,Assesses risk to price insurance policies.,1
7bdf4880-e657-47d5-8141-82cef2d1ae28,9bc1d4c8-e869-4b1a-be85-f6db3f273077,Manages insurance tech products.,1
e9866b66-d9fc-42d2-9d8d-b9accf2359be,b1034123-ca23-4460-a569-2eed21e59457,"Specializes in patents, trademarks and copyrights.",1
ce5f9ac7-5fcb-40ed-8555-4b108d92ec92,782c82da-2f78-4fa3-aa4c-a58a0288f506,Analyzes intelligence data.,1
b56ce458-1cf6-4ee5-a7fb-976f85f630dd,9f5dc8af-375c-466a-b8f6-54455b46a968,Designs how users interact with digital products.,1
33eb1939-d800-4c49-8d59-1ca61b974c09,3ad49113-36c7-428c-8cb7-a0a72b552aab,Designs functional and aesthetic interior spaces.,1
a059514d-87c9-4775-a8d6-5187558a5964,0096f00f-adee-44ee-9952-20e96dfbb791,Styles spaces for shoots and clients.,1
b86f829b-b416-4f27-9af4-2f4944fd4c9b,9ef12fea-79ee-43f2-bc88-a8d60d697c8a,Supports international students.,1
b56e5ad4-e708-4868-a055-1ce847eb816e,f05eb988-71ec-4134-bc3b-26ca9873f602,Translates spoken language in real time.,1
c8b1e451-6609-4aa7-b96d-b9fb17b09bc4,816cf162-294e-449b-b936-f61fb91b90b4,Optimizes inventory levels.,1
e7fc5959-730c-4114-95c8-bae4a141b425,09df3a18-98de-4bf8-805d-d1c92b5ff683,Conducts in-depth news investigations.,1
d16eab59-85bf-418f-b1d8-e89954054ff0,747e0c34-bee9-4f1d-ba2c-3267ed6fcda3,Analyzes investment opportunities.,1
16f3d88c-0e51-4130-aa6f-61bc039a4229,c820ea99-c4ad-4dfe-bf09-0abc80167591,"Advises on M&A, IPOs and capital raises.",1
478d832c-98d3-469c-9205-7c4a7ddbe7a2,390ae1f8-7ffd-417d-aff7-a4b4d0ec007e,Manages communication with investors.,1
d59c3924-74df-43a4-b428-2d17db338bc8,fcf523d4-addb-438d-bb8d-4c70c2f7ae2e,Builds native applications for Apple platforms using Swift.,1
dc0db896-2050-456d-9464-0f85a5dee315,67790cf9-d633-493e-bfe9-8621bf45dd2f,Builds connected device ecosystems.,1
b771fcc8-0789-4f02-a9e7-8140c0d7da42,358637b6-4b76-4a97-aa65-72cf32a68c6b,Senior officer in Indian police services.,1
8f5ce7eb-4716-419f-8fbf-2878c6902a4f,7a3c003f-86e4-4952-8866-6f2ee482aed6,Builds Java-based applications.,1
65bb4577-7587-4136-ab95-44672491b8e5,1454e2a6-17b9-478a-8d50-e62d433843a1,"Designs, makes and repairs jewelry.",1
468542f7-8100-410c-a683-5628ed0ae65b,5980147c-be45-4223-806f-8d2468cf5579,"Reports news for print, broadcast or digital media.",1
5240bd1c-67ac-4712-84cd-d2b6f9f5c849,c6deff8c-e2cd-49e5-95fa-9c215bcfcc19,Presides over court proceedings.,1
96bb2d68-7a46-4eb9-9c1a-ec9753e90aae,102a06de-25c3-4fe0-b522-3d21f062812d,Entry-level data analytics role.,1
76656fdf-a337-4170-9752-6429941c2a2a,000a0175-21eb-4eca-9a69-d12df693f25b,Verifies customer identities.,1
699ff248-81f7-404e-b32d-29330e44aa2a,55910ece-22d7-4278-adee-4c22e7442f7f,Supports scientific lab operations.,1
62956f90-ca04-4182-bf03-fdf8c959a726,e1f474fd-b5b0-405e-9568-925d1dbdbd90,Advises on breastfeeding.,1
0d027135-407f-4d08-8b8e-cca28f9f37b2,d7210b81-6639-42bf-a811-37bf3b3bcad9,Designs outdoor spaces and environments.,1
f934ba01-49ad-40d6-984f-6786e3322172,802663f1-b653-48c8-bc73-bbdb4e8ca476,Designs and maintains outdoor spaces.,1
024ac0c3-2be5-4d35-8056-629ebc72ae24,2c525628-9ed5-455a-99bb-fe854a2eb1d9,Provides legal advice and represents clients.,1
899f7439-d5fa-4fbe-977a-b0858ec70e40,95cb5349-c497-43b9-af38-e13ad9600b2a,Leads design across multiple projects.,1
8b330f57-d218-4951-9cd7-920c8fc15b93,320b5560-2bf4-419d-b517-49b160df44b9,Builds employee growth programs.,1
45cc4695-8066-4adc-977d-65edb693988f,0d6369bc-79a8-4f65-a224-7f0b0df6b04e,Provides specialized legal advisory services.,1
82af8e7c-102c-41e9-add3-22e149bd1eb8,8475577e-04de-4df7-a087-52b33b373031,Translates legal documents.,1
d4c23606-203b-4b42-b97b-e407c2e5738e,604a7421-f747-423a-bb59-9bf98723ef5f,Curates and manages library collections.,1
9827af90-fc96-4bf3-a138-ef858a8fa234,2d8a4154-cf46-47ad-b361-c39b38d41092,Helps clients reach personal goals.,1
890a6e08-5490-43c7-b3cb-d16cf6e96408,270c96ab-ad56-46f7-83db-a8face7c265a,Manages customer lifecycle marketing.,1
94897fab-ca9e-44c2-b1e8-a8374498faab,d385c564-2836-46fe-b92a-4c5df8b56eca,Ensures swimmer safety.,1
3dc4d9d6-bded-4173-87f5-c01baf7c9ff0,3eb0fae9-b8e9-4ca6-80ba-66089cd01b22,Teaches scuba diving.,1
d1251537-ee0c-4713-a175-84113059f6e0,8862c7dc-738f-48a4-96d9-d160df4fcdc7,Creates lifestyle content for audiences.,1
29b68117-6e4b-44c9-95eb-e8f3869ba551,a8911926-b0be-4ccd-aa6f-738a3b1dae40,Processes loan applications.,1
e2b2fcfc-01c6-4c15-acad-d6ab286f8e60,8b2a0f70-a1a6-45aa-bbb4-1829b73fec66,Engineers internationalization systems.,1
0abd47fe-f73d-4ea5-b0d2-59a31a0aee74,fc9fc9a7-c244-4252-bc02-41243bfcdad1,Manages product translation and localization.,1
23037957-4615-4b7c-a6ca-40fcb5ade3bd,e4e31deb-e67a-4a3f-9c46-01da714da6ca,Installs and repairs locks and security systems.,1
0b97078e-25e0-4bed-82da-7e525c39cf5e,fa9af869-332f-4b77-8329-6f5a865e3d2a,Coordinates shipments and routing.,1
706daeae-c408-40e2-a4e2-28dd15a89e13,08928366-dce6-4bd5-9b90-54f56c451af7,Researches life extension.,1
dd0e74cc-d25b-4ec6-b024-a246c02cc1f7,e0666ec9-81e7-417f-85f8-217f4a6e7a97,Builds apps using low-code platforms.,1
2f36e54c-9b06-4962-a4a0-4d0a7c624223,67111da8-bd1a-4e2c-8220-bfa53dedf8b0,Writes song lyrics.,1
0ee270e0-8fe0-4888-81f8-2e1739131594,4ad87cf9-e408-404c-ae1d-e8a2633a960f,Productionizes ML models at scale.,1
322ea342-5f0b-447b-9f84-5693f431b08c,aaffa57a-10bf-469d-af88-fa571d25df95,Builds physical computing projects professionally.,1
70de958d-b8db-41fd-a986-2f87a9c5aae7,2ad9c76d-d800-4aa1-9af1-2243397e82df,"Applies makeup for film, fashion and events.",1
bc826e39-4591-4c99-8f0a-1eee21e32b77,43878898-f591-460c-92c7-c7b945db18d5,Advises companies on strategy and operations.,1
fe935add-ec45-4959-b039-7a38abd9a4a3,166115c3-d570-4523-bb32-b7eb84cd080e,Designs manufacturing processes.,1
f95e20bf-ffb0-42da-b085-63263e17d4b1,ded12957-1b58-4541-82b6-3f690cbdd355,Studies marine life and ecosystems.,1
8b4d6420-983d-4e83-830d-e3ddee13d2aa,8ca10300-f637-4df6-a63c-912ef3b3e827,Designs ships and offshore structures.,1
3c067006-a58d-4bfb-8d05-b87ffb365b02,46896567-51fa-465e-ac41-20a7a2058f4e,Trains marine mammals.,1
466a9dc7-012e-44d5-b133-fa1bdbdb0417,e7027f71-347c-4089-9bfe-034ceb2cc658,Models market risk exposure.,1
d64fdc5e-3d99-435e-9f72-cd6e1880c20f,9afe8226-6a16-4747-b401-89fc40b502b6,Plans and executes marketing campaigns.,1
ff9d661b-483c-4656-9df4-ef6f6dbebcb9,86e842c1-6812-41cd-b051-0d80757e30a4,Supports marketing execution.,1
7d2040eb-e229-4406-8958-d79ef685f40b,872a1155-47f4-46cc-8052-1c0038633417,Builds structures with brick and stone.,1
a8f8ee20-6a2c-4b1c-8fc7-0d00461e9143,6a127214-604c-4552-840e-d6fb7f5ff976,Provides therapeutic massage.,1
ca864b84-d5e3-4b52-9f2c-f46e34de7f0b,269be175-723e-4a72-a39d-8b946d91c5d7,Develops new materials for industry.,1
0e1fa0e4-1f39-470a-8c30-05f1ed2ed74f,b7fc7a8d-38fe-4ad4-9277-4304116b1f59,Researches mathematical theories and applications.,1
024dcf99-46c3-41c8-a44f-e0f85cb6794f,47cff14a-7cda-4f55-b76d-e442bb287da9,Repairs and services vehicles and machines.,1
ee86beb4-ac0d-439f-8f96-3f0fa92d0ec9,caf55f2f-ca12-4f79-9dde-72fa37ca6bc6,Designs mechanical systems and machines.,1
584e7327-2287-466d-a0f2-6302718742a2,0d37f7c8-91de-4833-aa3c-da996d40da57,Resolves disputes outside courts.,1
c82192d7-386a-4dcc-859d-4d462e603e19,1bd6148e-02c0-47d7-8913-d3ec37366bd8,Leads medical scientific engagement.,1
d52d7c2f-1a03-4ce8-9204-d78ec2584bdf,1fa1ab1f-8bd0-47e2-b74f-130bf44d4698,Runs lab tests for diagnostics.,1
8c7d3057-155d-48d6-b611-cbb770b14d46,285fbf0c-5487-4e6b-aaf7-9c795bcd9d61,Sells medical products to clinicians.,1
7e7dc9fb-48d9-402f-ba71-89a7c7c28339,d07e464c-bc19-4687-b894-1e03286a10b6,Designs mental health apps.,1
0c40a189-14c4-4798-93f3-0192eb43ebd5,e9630608-ea4b-436c-9b60-08a4b6e5b23c,Counsels clients on mental health.,1
e63636ee-d43d-41dc-adb2-87cc940bad41,8f41e753-ebb9-44fd-9681-d2422d879cf8,Analyzes M&A transactions.,1
2fd26889-b2d8-48bf-874f-abcd4fea1747,4854710c-f3b7-4718-85f0-7c5c91ffe757,Specializes in metals and alloys.,1
ea201752-6943-4ef0-8ee8-a73ce325a514,58fed9b5-9f8b-43fb-9933-7eee5944bc85,Designs virtual world environments.,1
0c07e6ce-918d-4b93-8539-effc04bbf7b8,9b085eda-1036-40bd-98a5-95326992cddc,Provides finance to underserved groups.,1
0f89552b-b380-45ce-91d3-155301f2eec1,cd79704f-e370-478b-ad23-19210d30c9e2,Designs short-form learning content.,1
c465f51d-57af-4471-82d9-447acbf64360,fdaaced6-f890-4cb0-8fc3-01c59fad6cfd,Supports women through pregnancy and birth.,1
c8703cb0-a75c-4f9f-8a7a-3b5de6eb3463,b0d4a1c4-f2fc-4163-9efc-cdda7a2eda2d,Plans extraction of mineral resources.,1
2ac2bf6c-bdec-4268-8d2f-ff2430fa8591,03e18b61-34d0-442b-9414-40d13f324a8b,"Manages ML lifecycle, deployment and monitoring.",1
0b4a5efe-ac63-42df-915c-52795c4ae77b,4eca0f28-1cf9-40cb-80c6-b670d52f0787,Builds native and cross-platform apps for iOS and Android.,1
502378ef-6cc4-4e21-84ae-71f0bc7a8d30,d522cd44-e6b5-499c-80d3-f05d977708b5,Lives a religious monastic life.,1
f069cac2-c602-4154-83b8-625c80122303,28ba021b-4f3c-417d-a2bc-b69fe2e229c7,Teaches in Montessori method schools.,1
49b169a9-c6a0-4107-8f63-fcdf96975ca3,cb95d5de-3af7-4879-95a0-647237bd18b2,Produces online courses.,1
b2965019-6e69-4e68-916a-7433918d722d,df217990-9378-43f7-a4d4-c4ecddd690b8,Helps borrowers find home loans.,1
dcb1aad7-3a85-497a-8873-253e2dca1116,639ba8e6-aa75-443c-9304-dc94396096e5,Helps customers secure home loans.,1
ee18b925-a118-44bf-9595-ba19dffb701b,7c99ee32-ca11-49bc-a89d-01d0b955f63f,Prepares bodies for funerals.,1
2c4e73f8-8c50-4a81-bb73-f9446c34ebd9,a3aaa708-cad2-46df-b3b1-9366020b6583,Creates animated graphics and interface motion.,1
4f53027b-ced1-4587-accf-036a488f3df3,a900302d-211e-4ba5-9b76-b46cdf6901e1,Guides mountaineering expeditions.,1
fd47e284-f49c-4cf9-b1a9-9282b6d8e703,026af1c5-d0ff-4e39-a808-300f6cabd86a,Leads museum operations.,1
adb7c04b-d005-4d34-8226-7dc97f05c767,d2f22a79-e681-48de-8f96-4b78b07a279c,Composes original music.,1
ea4a7edb-5b1c-4a88-9476-a9594212b359,a4ab855f-5714-448d-ab8d-a35421270a6b,Oversees recording and production of music.,1
5ba679c2-09f3-4acc-8d62-0033376780b4,ece14bcb-42e8-45e3-82bd-cee5682030da,Teaches music and instruments.,1
4a6b1648-db6b-423c-9990-2a1305c0043d,157639a3-a88a-4fae-ac7f-47bfc61f4722,Uses music for therapy.,1
39b8a565-385f-4a6d-b536-7e6ac2248d33,50d04c40-f8f9-4b4d-a50a-3318ddb540bc,Performs and composes music professionally.,1
8d9a6745-7ab2-4045-b1b2-ec5a43c316d2,ef3cf3d6-3dc9-469f-9281-3da065686efb,Works at the nanoscale on materials and devices.,1
ffd6b27d-2509-4bf7-824c-ca28bc7ee969,ce670401-6fa8-4cda-9202-42afbd212733,Officer in the navy.,1
bb19a93d-1598-4b4e-9a26-824ae3f4e739,77166ea6-995b-4f79-ac51-a55c010d4a0e,Designs and maintains computer networks.,1
317a7a32-ab53-4b52-86e3-4fa4238b2a70,79965b0e-00af-4a71-8101-35dde7d09afd,Secures enterprise networks.,1
f791ee54-bb46-4d0c-9a05-4134a4973bf4,9191680c-ff80-4e9d-91db-cae22f7b5e55,Specializes in brain and nervous system.,1
88ccb8bf-e810-44d1-a3d3-8bf102d04af6,0e1253ed-ad9a-4e88-9413-0a92bcd2c0c6,Presents news on television or radio.,1
30be45f7-3928-4efe-b17b-c04f353fe658,5b342f5c-2e3c-40b6-b585-9832d4b8d430,Produces news broadcasts.,1
97314c9c-0de8-4cbd-bd0a-7e00353338e8,58bc7f2f-9c37-4b3a-a555-a260d8ec43b3,Creates and sells digital art as NFTs.,1
612c229e-6143-4fc6-a100-ca6d09a6ee10,f8e36e51-e887-4b55-8bf6-9badafb4a57f,Leads non-profit organizations.,1
dd071694-1284-4dec-9f03-71bbf0e13b6c,b54c61bd-e39a-4a38-a07c-c4716701e39e,Builds systems that understand and generate human language.,1
ae8e91c4-c375-413e-8eaa-de51a97e51b6,d22531ca-d8d4-4962-a762-68250af421e8,Builds tools and apps with no-code platforms.,1
94891f66-2188-4bdb-9d39-692966efd7dc,fb04187d-90a8-49e5-af0c-b2dd784d2830,Builds backend systems in Node.js.,1
d310cc22-8d6d-43de-89fb-0073d1ad8143,77e9eb96-701f-4c25-964c-7e8edc0d29a2,Tests materials without damage.,1
18aba266-415f-40b8-813a-f850806cb6ca,4924d8ec-9fe2-4165-8461-227882748f6b,Certifies legal documents.,1
954fdc95-c4f6-4800-b12a-c306ba042ce5,1ca3f33e-fff3-427a-af06-c7db2eb660b3,Writes long-form fiction.,1
14efb26c-fcb3-4e68-bb91-2f681b7098dc,fbcbca36-2cc8-4af3-afcd-9b3def1fd2d4,Designs nuclear systems and reactors.,1
a2d944da-b207-43d1-8fd7-b7a88a21b4f1,80b0757c-cd4f-4cb9-8639-0cd56135e0ed,Provides patient care and clinical support.,1
5fe42867-c789-42bc-a67a-51cdc3f47b18,4851afdb-9d3d-46db-9db6-684c884c0a07,Provides advanced clinical care.,1
7c188f26-e26c-4660-bd79-167cf7c2a7d3,3d442b19-a3b5-44e0-9ad8-679046b0bcf3,Advises on healthy eating habits.,1
1de489e0-aea1-4de1-b7c9-5e38dd2cee30,69d716f5-fb2f-4103-9bb4-88502ff3b705,Helps patients perform daily activities.,1
67050a2c-531b-46c9-9069-ab6cd6c53f79,9197b43c-b7ee-49d0-ae95-0a788f661bdc,Studies oceans and their phenomena.,1
432c11fc-f209-4715-a110-ee3757969c41,b82ddc64-f228-4d43-9d92-6ea892af4ca7,Runs office operations.,1
718479e6-fe13-4c96-86db-19df8a86bc61,a59dbb2b-61f2-4c85-9991-c012dba7d258,Treats cancer patients.,1
9d931d5f-f06f-4ee3-bd63-1bc714e85bda,6ecdf780-7a48-47d5-a6d7-baeaaae24c85,Creates and sells online courses.,1
4cdfbc7b-7b07-49b3-aa66-58e23e54ac6a,fe8163c0-5131-49fa-8b47-bfe972e85ecd,Provides one-on-one tutoring online.,1
ecc49eb2-8aeb-44e5-9439-d014a4e9c03f,c4ab606a-47a4-4093-9f8a-a1b1cb04c68d,Promotes open data programs.,1
29f44c1c-c6ec-487d-9ed8-4fce2c02cb16,e3197fff-8c6a-4b16-a1b8-b6b29595f132,Maintains open source projects.,1
73f232dc-ef15-4630-abe3-0badbf3348f2,06cd32d3-6c2c-4313-a4f6-b6f8e5a6e96f,Performs operatic music.,1
3900b3a0-148e-4d9e-98f3-35ed4c4e70be,ed012f80-095f-4c95-a565-131b75f68ad3,Manages operational risk programs.,1
9bb65f9a-86f0-4b5f-a785-d080baf53ee6,3de1d07c-271b-4b2f-9e9c-f234fa07a2b6,Runs day-to-day operations of a business unit.,1
1c37fa1f-a26b-4ea5-ae48-328418dab58f,f07cafa9-a962-4d62-bea1-4e9edb233e9e,Trades options contracts.,1
b35bf161-cc56-412b-8c5e-17e6a717bfae,90c10ebd-4e6f-4a85-a6f3-67f25c429eb5,Provides eye care and prescribes lenses.,1
b86495f5-5c71-4948-a947-3eaaf6a7f80b,ae60aad3-692b-47d5-8534-9674ad0ae32b,Develops on Oracle database stack.,1
9eb4c63f-bcfc-4b63-a515-4592767157ab,5626970f-15f8-4775-854b-28a47bf92ff6,Aligns teeth and jaws.,1
1d9a48aa-64ff-41a4-b5e8-4c094e00765e,13172c0d-1308-487e-928c-ad2c6f43a813,Treats bone and joint conditions.,1
c241f3ed-add4-471d-a9dd-7d39a5b8c2bd,7b8df0bb-0826-4afb-9466-cf65d1bf8b85,Fits braces and supports.,1
0fabe928-2e3f-42bc-8bbf-6753e1b32c94,670a753d-c51f-4a89-8d07-0701f6f8f7bb,Teaches outdoor skills.,1
4fdfdd17-c8d2-4f63-a2c3-da9a7e49fd76,cce14525-a4d2-4997-9221-f4aa695d32b9,Designs product packaging systems.,1
9b5eec6e-ccb7-43ec-9885-be3cdf9a2705,a7bb9254-a511-46df-9d6c-e22b5b1c7c14,Paints buildings and interiors.,1
1b5fff4f-dd27-40a5-bd71-6fac20098d4a,eeb1948b-6ab8-4650-8b67-8e24dc1deec0,Creates fine art paintings.,1
a2cf6296-0e91-46ec-8490-af43bfabdb4c,3fea1060-8808-4998-9720-02ef39f33fb6,Studies fossils and prehistoric life.,1
14a80366-60b0-497f-96f2-d64287ddf6b9,5e9439eb-300c-4cb7-9f24-770c16c38c56,Supports lawyers with legal research and documents.,1
502d84ff-1111-4f1b-a7f6-c274185e9331,82e6adf0-b228-4774-a806-93ea093327b1,Provides emergency medical response.,1
b03b9504-0e50-42f3-b817-1cd502b7fe55,3ea7d516-02b4-4615-bc91-7d2c1914aa95,Provides emergency medical service.,1
01420b5f-adff-43d7-9431-b07d87562625,09d46afc-22ad-418b-bb45-61f1e764880c,Protects parks and educates visitors.,1
455f5e54-16c6-4300-af19-76a72621247f,ae6c82f9-2dc0-4d72-b1ff-f1e1f6ada59e,Builds strategic partnerships.,1
70659916-4d68-4b6b-a3ef-bbebc9eaca38,16f95c52-b2da-4c87-ae4a-01b1bac9f211,Specializes in baked goods and desserts.,1
7c8f9283-3d38-4630-9b39-273568ac39be,750d4977-39f6-42eb-ae03-f00e1a18fcc0,Supports patients through care.,1
0d10ba1d-a2f7-4f09-8ad8-7123f0fad368,43c64926-37f2-475a-adf5-1ca891bcdd63,Provides medical care to children.,1
df78b163-afba-4afa-b8dc-70f77808c8ff,415da3b7-8d4d-4b0f-acfb-c3a0889bdca4,Ethically hacks systems to expose security weaknesses.,1
63c9cbf8-337e-4dae-88c8-a3bfad0f84da,c6719575-0212-4be8-97af-d4c2ce68cac4,Manages retirement fund investments.,1
895fdc0f-d615-4126-be75-96a01fa61fe9,d01af807-a4e3-4515-ad43-53c097cd43cd,Runs paid acquisition campaigns at scale.,1
c83a184e-61f9-4d09-994e-5b676606642a,6771597d-e731-49b8-8203-d76f0a852f9b,Operates heart-lung machines.,1
149479be-d06a-44bd-87e8-352f4fda4ee9,d3d37bc3-8a6b-4848-af5f-d0f1c35a5f66,Designs fitness programs for clients.,1
a35e766b-d855-4106-9c7e-72f58dfb9078,b0515d45-8ca9-4705-87d2-336451ef3989,Cares for pets while owners are away.,1
8191bf76-c9cc-4875-a3de-586c56ee7ee6,175e62b7-f831-48e8-9349-c82927cb1b79,Extracts oil and gas resources.,1
96fd8952-35c6-4adc-ad86-807eb30aa022,d9c3918f-e1f3-4e77-98c9-0043e0a5b819,Sells pharmaceuticals to doctors.,1
082678be-c7e8-4659-8ef5-61d8eb1c1aab,287089e0-9eaf-4916-ad10-3b5a68ccd6a7,Dispenses medication and advises patients.,1
31300e32-b239-4ec8-84bd-34f50f8229cd,f36dc204-a383-4ded-9c7b-f25e28b1abe6,Studies drugs and their effects.,1
e4102e12-632d-4388-b1f0-2f5a4d6fd75d,e5df0c28-1460-4c01-92da-76ab896e2319,Conducts doctoral research.,1
362e319d-4516-4fd5-a676-9e0587d20b96,94091612-e4fd-4161-b028-657b5a02d6b1,Draws blood samples.,1
a1345b8d-a762-47b0-8b80-62fe51cd20bf,40e661d1-f28f-44d8-a153-cd9a8d4b23f5,"Captures images for art, news or commerce.",1
d2aeba5a-0a21-4107-a712-50499dc7cfde,5049bae2-c519-4507-8b4d-2a7168855d9c,Builds web apps with PHP.,1
ed0e7d5f-3813-4b29-97fd-efdc815533fc,e06be8f1-a92f-47ea-ac7a-0da78fdffe99,Supports physicians in patient care.,1
8c61074e-910d-4207-9c76-42f492e6c20c,e2571b8d-0264-419c-a21d-0f4a17d23f0d,Researches physical laws of nature.,1
bca972bf-d08d-4a61-b45a-10ed1b8660c0,75d09180-aae1-4580-8d02-c7c28f3135b6,Helps patients recover physical function.,1
abdb568a-1809-481b-8dc5-716feea10d74,d5692c72-11d6-4a91-ba4b-a33ccf014be9,Teaches pilates classes.,1
50d3ed97-2579-46c2-8737-c0d0337d38bc,0869cfea-eb59-4d6c-8821-66c42af9849d,Flies commercial or private aircraft.,1
e9c722d5-b1ca-4c1f-b3c0-57eb4d6c0f37,76b7a016-13d0-43d3-a989-762165026fc4,Leads planetarium programs.,1
575de722-a70b-4625-a64c-8ac40f044a0d,d4dde170-9006-46ae-a1ec-d63aa9f63246,Develops plant-based food products.,1
6c86ce41-3197-486c-9518-8275b829c828,766ae3c3-a3c6-4254-9cac-90dfd309aef7,Builds internal developer platforms.,1
4ee39caa-2efa-419b-9c8e-eb51d49325e6,7dd78b31-9b49-4200-ad34-735dc7293772,Installs and repairs plumbing systems.,1
22172a4b-92ea-43cb-be65-865ab6fa9ccf,6f584bda-b399-4186-b6b2-50f528adc032,Produces and hosts podcasts.,1
add119af-7b9d-4518-9672-c159c125ee86,45612edc-0684-4d9b-9691-fb58b0086211,Writes and publishes poetry.,1
56aaee42-15bb-49a6-922c-0f9904ee165a,df2492f6-5796-4920-af07-7a6952e2e01d,Maintains law and order.,1
a97282c9-7b9e-4818-953b-22e229796974,003bd784-97d8-4030-98ae-ab288a30fde8,Analyzes and proposes public policy.,1
9ff4df1f-f5d8-4599-9f19-366a6baf99fb,911df416-b8f3-4ac8-85f9-a88ee35a6bb4,Studies political systems and behavior.,1
71d87dc8-a994-4f3c-bf87-d28de26dea7d,6389f0bf-3479-44a3-8328-9e57aa0126b2,Elected representative in government.,1
bb8e93de-1f01-48ec-9fa1-46377b7817e3,cd00f540-cd92-46dd-9eb6-c2c9aea283a3,Manages investment portfolios.,1
921dc1ec-8dbe-48cc-a85b-cab5915df840,df31efa2-f652-49cc-82e0-8b2174c4245f,Supports customers after sale.,1
47e26c5c-194e-48dd-9c07-2e5716cd94fa,a90c9741-1941-4cb2-ba8c-d77ac1299ae5,"Builds 3D models for games, film and design.",1
922fdcf8-3243-441a-85c1-8f130f940887,8c8512b5-3926-499c-bb13-465f6920054b,Designs and operates 5G networks.,1
63390f0e-8771-46e5-989c-7f3208c25b8f,96f4024b-91f3-42c0-a331-d53859e32506,Researches next-gen mobile networks.,1
74c0ace3-e2d3-4216-88f8-34cb5403be00,76569baa-7945-411c-af27-268fc303d14d,Guides students on academic decisions.,1
6cf9470c-7ea5-4f03-a311-f30c6dde573c,94434af2-c62c-4626-a57f-300b24b8af2d,Leads academic affairs at universities.,1
9c454590-43af-4ea9-bf5f-2b445c37ff8a,622cd156-8e56-47e0-8b8f-dd2b9c5103eb,Sorts and delivers mail.,1
c3e6044d-ae98-4caa-905a-68844b20f58b,aed2cd31-9d53-4dcb-ab20-1142b72299cc,IAS/IPS/IFS via UPSC,1
fb8b6bf6-b82e-4759-9e04-51b17b90aca3,56402da2-f631-4301-a518-d4b9c3f2cf0e,Builds ML models & insights,1
33e56577-9d81-4d06-b7cd-f399b44a632c,d3620932-20c6-4c50-a8cb-90a8f5c02df6,Conducts postdoctoral research.,1
6fc99a94-2b7d-40db-a2ac-72c0e4f2ae9e,f31b1bdc-51d0-4f4c-8887-1f9a54db24a1,Creates ceramic art and pottery.,1
060f350f-d351-450f-bb66-c473fd9748bd,7ecd967c-c909-45d1-9aeb-78c1ec59439f,Raises poultry for production.,1
21d46a9f-1aa1-4361-9578-28c323c0e846,0ccceb88-ec4c-4763-b174-fcdacd63bd9d,Builds Power BI dashboards.,1
22f5f5bd-5955-4696-8044-77452fe8821e,950cb5ea-45d3-4201-82c3-9b414896f6ca,Writes scripts for film and TV.,1
aa4e4e74-ede4-4473-bf03-f54210796624,b3f98d6e-0b3b-4847-9378-255e3af4ed54,Builds low-code apps with PowerApps.,1
f83da5b9-a068-4cea-9155-171d7ed1c69c,f871ac68-9ec6-4e8d-9a92-135034f9b63e,Owns end-to-end design from research to UI.,1
680db3e0-094f-4001-af37-156931bb73b1,65d29cb4-ced4-484e-aaf5-f194a2ee72c6,Supports sales with technical demos.,1
02234a39-5d1f-4ac6-90e8-007b3b37c516,ed8271a5-f0ed-42ab-9171-6f559a6612cf,Optimizes product pricing.,1
41e99ab5-955c-4345-be11-548e346a4740,9a7bb118-847e-49a7-a328-e55028d3a01b,Leads religious services.,1
62c5bc7b-e7a1-4674-9127-c3ddba8a2e39,aebcd50a-8ce5-4cc5-be03-b1d1999544e3,Teaches young children foundational subjects.,1
48e3f0e9-4669-4906-92f2-2dcf613e30f1,94658250-aa33-4f55-b754-c7a8d01e8a16,Top IC setting technical direction.,1
0a00c653-3d81-472c-a38d-2445f83abf5f,4008d24a-5072-4aed-a8e9-5f05ca7ad372,Builds privacy-preserving systems.,1
34e0e3da-02be-4afb-9e3c-7185b38307f4,092e4869-6ce4-4e94-8805-53bb479f9f25,Ensures data privacy compliance.,1
d8445393-4efa-4d19-a6cc-9dcebc867e59,050d33d3-445b-46de-82e1-31a116ed22d3,Invests in private companies.,1
51f81128-4a41-4dda-b330-d262f3b57aa2,92e30242-3837-4419-b877-be86daab926b,Supervises offenders in community.,1
690ab67a-cbd9-44fb-9904-2d7ea34bab22,80d01409-c528-4db4-af0f-8b03e27841b0,Manages purchasing and supplier relationships.,1
e3d33b9d-a840-4384-9cc2-b30b2882e599,f784880a-f205-4ae8-bdc4-c438aadd67dc,Owns product strategy & roadmap,1
a1fbac84-a3fb-4a47-b55b-088469bec47c,14e5e91f-d34b-4fb4-8599-4cd87079003a,Owns backlog and priorities for agile teams.,1
9ed5bd59-b8d6-4bdd-acac-ec3adbca93ad,c0764425-c30a-43cb-b90c-d64fd6845860,Helps clients improve focus and output.,1
02c923e8-a092-49e9-8489-3fa6652fb349,d97b5331-1843-4683-8aa9-679106f86eec,Competes at the highest level of sport.,1
bc875a96-7e50-4b24-9f26-9f499bb4f57a,f067f514-e1fa-493f-8c82-ad7a1f8d4ca8,Manages portfolios of related projects.,1
6f2c69bd-f4fa-4c09-91a4-70e99e2af4cf,456fa7f8-9a26-4462-aa9a-cfb1391306f8,Leads projects from initiation to delivery.,1
9ed2a26d-c09f-4f35-adc3-b4f86a2178c0,ae4aa30b-bb75-4f4f-9b7d-bbe2bd416510,Designs prompts and workflows for large language models.,1
99533904-2f3b-430c-9db1-0befef696d6e,51085026-12e2-423b-a1af-8657e13dfdf0,Curates prompts for AI tools.,1
910ca574-2440-446a-8573-af8b663747d9,d0fda48b-3fa6-4446-b827-0b82848e6e64,Manages rental properties.,1
ddad83c2-08bd-4403-9d2d-b4eb56c1424c,b090db49-57e7-4ffc-8ed2-4214c0bccf66,Estimates property values.,1
ea57a9bb-6a8b-4d11-914d-4a3861afdbdd,6a1b0426-f71f-4f1d-9f15-8f14ffedcaed,Fits prosthetic limbs.,1
9ba33e03-f596-4ac8-861e-b294db523c59,c6aa77d5-e747-4cee-9345-c48b2f06fc14,Diagnoses and treats mental health conditions.,1
dc51f11f-b11f-495d-8f62-eacf5c88e881,1bbd37a8-c91f-4282-998d-9c9381d52835,Educates communities on health.,1
ba198644-22b0-4599-9809-092ebcb4dee2,5b0f73eb-424c-44bb-8452-3df88d560385,Provides community health care.,1
67856aad-60ad-4d07-90de-eaa2c393546d,cb181804-357c-4a27-b1ff-071de5f9f641,Designs programs for population health.,1
70282f18-1599-4a1b-a883-f7e9766a8721,6d65c129-36c1-4cc7-bfb1-c0712b282f79,"Manages press, media and reputation.",1
72055537-4256-48e7-9916-3ebc6efa9e9e,239e7667-cecc-4ddd-bcec-16fa85ef4e74,Delivers paid talks to audiences.,1
949ca853-338f-4932-91ad-9510ad9ef8d5,19f74737-35dd-4d19-8095-a8c2b4b50647,Manages publication of books and content.,1
4e69b3fa-24eb-407e-9981-716cc53348ad,aeab08aa-ba2f-4732-aba5-236f4762211e,Builds Python-based applications.,1
051a8e50-385a-4ad0-9416-6c094c8de4fc,1d32a2ee-9ac6-4776-a9b3-f97facb937cd,Tests software for bugs and quality issues.,1
1e30bd24-c423-4dff-9eb3-9dc1f1f1c51d,e475ff0e-6ec2-4ff2-9b0c-1fd233489bac,Ensures product and service quality.,1
10dba106-800b-435b-a0c1-ee2ba6632284,aa0d80f9-f4fe-4909-a6fa-b00875876bf0,Builds models for trading and risk.,1
4a88bdd6-9649-43c7-a72c-cdc41f33ab78,1c7d8b96-ea3f-413e-b044-c7c5ee5fd780,Executes systematic trading strategies.,1
5c90d185-3def-43ff-8928-fe4beef040c9,5a0a57e2-26a4-468b-9e1b-a7031c5a9119,Researches quantum algorithms and hardware.,1
01243ddd-a279-462e-9e5f-36cad78445fd,9eee238e-b69a-4ca3-86b4-1db1aa55cafc,Builds quantum hardware.,1
ae24dbb3-be9e-4462-bb5b-c153a71ca163,f9a4f704-670c-4e64-8cfb-7cc7fc1635eb,Builds quantum software.,1
550d5902-82e3-4865-a30a-fc52e6040492,6735e9df-4441-4446-b824-8a65eac4e523,Leads Jewish congregations.,1
5f296ee1-a2fb-40d4-83c4-2fce5c49f4a8,cd2b695b-9856-4a28-8c41-656483534dff,Hosts shows on radio.,1
4d9a51f9-6fbe-41dd-b533-2de6ba44795a,4bedb00d-1539-4226-a5d7-94de21951f84,Operates imaging equipment.,1
af51c0a2-542e-45e2-adb6-ba2c0b57c293,20675722-092a-41b8-a3e8-c0c3a121ce02,Reads medical images to diagnose disease.,1
c0dafd5e-1701-4937-8951-dcab781b9c85,2b64ab99-468f-4699-9b93-e8d70b420f4f,Designs and maintains railway systems.,1
1507cf99-60f4-48ae-859e-58165ed8d70a,a0de0251-e72a-416a-914c-340dc70a02b9,Builds React-based frontends.,1
7ad0411d-a324-4fc3-bf6b-99e64ebb80d0,bc7abc39-fd2e-4def-8103-8173df1b2b8e,Builds cross-platform mobile apps.,1
1bd5cf17-1799-4bd6-817d-92f8fb495b9a,16178766-c301-4768-9dc8-8d9045df28b4,Helps clients buy and sell property.,1
535d9beb-f3a9-420d-bff4-83d9339a8e85,64e3ec85-5194-43d1-a19a-ef11c59d7953,Develops and sells real estate projects.,1
213cd5cb-9697-4227-9d52-5d0d267baca6,4858c611-7789-4246-b13f-7eaf526ea41c,Invests in real estate assets.,1
b3119972-deb1-4aa1-bf6f-689ca8e41bc4,7c9751b7-4dec-4d35-b2b9-7cf63af7047c,Greets visitors and manages front desk.,1
65337af3-94ee-4fc0-8e76-a4244c1f772b,f3b505b7-2047-4016-9869-a1a6532e7064,Sources and hires talent.,1
9cba7167-825e-475a-a5ae-1e2e88e52ce8,ef1852cf-9e9c-4fef-8e91-60460d54701f,Officiates sports matches.,1
be901e9a-e21b-4590-8879-3a08e0c19c26,b92d9833-28a0-4462-844e-8fcca080305d,Supports refugee resettlement.,1
21bd89a8-3bba-4738-a859-5fe88b8f0be4,1cc71041-b918-435f-9ea1-77213a92c49a,Builds regulatory tech.,1
5d1a3de5-714e-4a12-a79e-22db1049a68c,209d4816-d03e-4101-a438-b7cf9109c1f4,Creates three-dimensional art.,1
555596a8-982f-4878-9acc-8a7a823f245c,e031ad3a-d189-486a-b2b8-9d29f3ba8ce6,Manages medical regulatory submissions.,1
acf39667-1ab1-45ad-aea5-2d91976ca696,3e409de4-2c04-489f-8e70-a13e4044df27,Helps clients recover from disability.,1
c620aeb6-53eb-4475-9cd1-2ace802de245,a0c2b26f-31a9-4e9b-a0a4-02e65757c82f,Practices Reiki energy healing.,1
d55fcd0d-7ded-485f-bc5d-ce077c871ae8,9db81664-408f-40d6-b8d8-b92bc5c125cd,Analyzes reinsurance contracts.,1
b77eaf6e-bbb8-454c-baf2-0e27f86f6c39,82df6012-1723-4006-b0c4-b5a8d4053ef2,Advises companies on distributed work.,1
c57e35e3-e6ec-44f6-b540-15a4a7c48d93,0e497968-5ad3-4bab-86f9-f4f4f30dfc67,"Designs solar, wind and clean energy systems.",1
02b32add-2465-4125-b3da-c85c85730390,0beb6261-75d6-4263-b1cf-b8207868909a,Supports academic research.,1
44169886-ba5c-468c-83f2-af2721323ae2,7ab47045-1818-4721-95c2-716e7fe30caa,Bridges research and engineering.,1
614b2afa-3aed-42f3-9b70-171fbe252f3d,62a50770-9622-4694-8396-edf5f13cc98c,Conducts academic or applied research.,1
caf213be-4c6b-4649-bd1b-3527a368d629,3b4c5ffa-4583-44e2-907d-621723f28a8d,Runs resort operations.,1
faa116b2-92db-4cd2-8526-747f3c654b64,a5bff769-4387-49a5-b9a4-6fae68aa900a,Runs day-to-day restaurant operations.,1
17c65fdd-976b-4940-9b84-f5dc134bac07,b3c77f36-8fe3-4705-b75a-c5c7ca932780,Owns and operates restaurants.,1
43385fef-7fa6-409a-a7d5-a7822fb55975,3cadfdeb-c3e4-487b-b914-91ac9620c843,Provides banking to retail customers.,1
615214a4-2a7d-4fea-aa18-f38b3131a285,477885ac-0db8-4216-9df2-ae2d3f0fdebb,Runs a retail store.,1
890e163b-ce9c-4b08-b49a-0de41319e7f2,b8e97ca7-54c3-4158-a1d4-518b1061c984,Optimizes go-to-market operations.,1
b30c2195-f416-4405-8a93-77d3fb575ce1,748c3464-65a2-4d93-abad-cb219653bb13,Identifies and mitigates financial risks.,1
e9081d46-d05d-4dc5-8e81-1865684dff50,4b73a293-ec98-4fa8-9d53-de6c1a8a5b22,Guides whitewater rafting.,1
d2bc7931-7115-4f9f-b5d2-6ae9a3011a53,caff7afd-acc0-4dc7-a058-57cc828d72c2,Builds automated investment advisors.,1
f4b670d7-ba27-4758-917a-37ef731376f0,4b78b667-c600-4968-8df5-7bdcdefce86c,Designs and programs robots for industry and consumer use.,1
e2cb656e-34ed-4fb7-937f-70621aabea20,4fea9c7d-fbf9-41d0-b87d-a6663f889a49,Installs and repairs roofs.,1
1ca93dc2-332d-44d9-a78c-d5994a84ba66,449edd83-725e-4c05-b369-779e6013f970,Builds web apps with Rails.,1
4aa41c37-abc1-42bc-ba44-5fbcce719946,4cb7dfe3-ed1b-4cca-aced-ec56b1173c14,Builds applications in Rust.,1
9d095162-e3a9-41ee-8e6c-0bcf78b810f1,98052a00-3ef7-4d2a-863f-66f10bd8e008,Ensures workplace safety.,1
595037c0-b1b0-48d7-8494-3fb2e45c8d02,8c2e8a4c-8f43-494a-b300-9beb6a5a8f06,Generates and qualifies sales leads.,1
b2a19fe3-9b3a-4466-9f8c-21a1827c9661,142ee715-9e9a-4270-a342-7e57029dd897,Leads sales teams to hit revenue targets.,1
f9984636-9ce6-4021-a61c-cdc7fcd78efe,c5cc5edf-8313-4231-9416-fb2884355d95,Supports sales execution.,1
3f28d799-8b3f-4ae3-9fd1-c270e15de427,8915bb5b-8524-4a56-9a47-d667364452ef,Administers Salesforce CRM.,1
a655a752-c4b1-4ad4-9e59-c87ac89b250e,bbe7986a-dc5d-4cc3-950e-9d49fad60152,Develops on the Salesforce platform.,1
4cedfe45-87f8-4530-96ba-2d133b0aa963,0b093488-b196-4935-adde-cd390ae73ab4,Owns and operates a beauty salon.,1
a88710e3-fd0b-43fa-b59c-a14db63dced4,68878a2c-fc74-4c1f-9b4a-34d5f177c8ac,Designs sanitation systems.,1
3c95fa64-6317-47fd-9662-9a58e9b5c4d5,1674e4eb-5dbd-492a-851a-c322c371fe69,Develops in SAP's ABAP language.,1
b4df8322-f464-420c-82c4-5fcd92bb5764,a457a0db-f9bc-4616-9959-5bab02eecb71,Implements SAP enterprise software.,1
ad344ef8-d075-4105-8217-60ed8189cda9,6c4febc3-3f9b-4054-ae00-c2be167869fd,Designs and operates satellites.,1
49f8650b-c8da-4f31-ad3a-4f08e8c756b8,6bbfa047-6f78-462a-b95d-beeda0818622,Manages scholarship programs.,1
e7914557-aa5c-4f3f-8ff4-1fd458cc09af,d060d253-edc9-4e73-b61d-ac6f4c9891ed,Manages school operations.,1
4f083fba-2dab-412d-84cb-730739d59dc7,5fc57ffe-a0ff-429d-87da-325ec153fd38,Provides counseling in schools.,1
f894c1da-36d9-4d10-a78b-d84186c386ec,f53b1d4f-05f7-48e7-b03c-dac116e48dfe,Provides health services in schools.,1
09b8e854-a6f3-4a1e-93df-7ceeb7cc12c5,cee00d2b-0293-4fdd-9cf0-db47049049d2,Leads and manages a school.,1
be111b59-c2b0-4656-89c1-86aff7c41360,34da0d12-45cd-46a0-9d60-bba2e61fcaa1,Explains science to the public.,1
84d09d78-80d3-4ef7-9280-5cd4da6ba15f,b4f7dce4-6aab-4512-9f61-7a632044211e,Facilitates agile teams and removes blockers.,1
ecb7f8f3-1656-4b71-8bfd-4a7faaae8696,63231bfe-6a60-46f1-8b30-4bb71b95e95c,Teaches middle and high school students.,1
eeb04829-e7ef-471d-8a0a-6f01040fa298,c6627656-3ca6-461d-ae80-22a19ea4bf21,Builds defensive security tooling and infrastructure.,1
a75ce7c6-9bc7-4775-8acc-1677e14164f3,92bbf249-0516-4f70-8fc2-826715e33c4c,Studies earthquakes.,1
54aa86c6-6f77-4efb-8545-9253c7536f6f,da6faa95-5b5b-4b4d-a91c-84a6bb549eef,Senior IC building advanced ML systems.,1
dddbf51a-6811-4e49-b162-15f03ab84a51,dc9c06f7-637a-4dbf-aa78-7d7e943e1f1d,Senior IC building complex software systems.,1
7a969688-aeb5-47ad-8ea9-d0e13d51a51b,97d2779b-a6fb-4379-b74b-3e5762d5549e,Optimizes websites for search engine visibility.,1
0712f2c6-be2a-44b2-807e-bb7eb71fc3bc,446eb79a-152c-4dfb-a8ae-5ae7e6a1c550,Develops on ServiceNow platform.,1
0fb2019b-3d32-4d8f-9668-3f8127ffea2e,a43eb17f-86ff-489b-8afc-71f8fd366c4f,Designs sets for film and theater.,1
d9ee1bfa-1dfb-47e7-84d5-e4ea4470f50d,c54039cb-7b07-4db5-93a3-7879e9ceec05,Builds Sharepoint solutions.,1
f10bba1c-678a-4a12-a124-685c6e65b1be,ab450a2a-c64f-4520-b281-8fa2ec82fbcc,Commands ships at sea.,1
474a6261-dd30-4a49-a3ee-4623d676efb9,d34a1428-44bf-4bd8-8488-34ecce726154,Translates between sign and spoken language.,1
845d33d6-be8a-4969-abb2-fa04c04fa5d4,0ba5e410-8738-4ab9-8712-bd4d8fec3661,Performs vocals across genres.,1
19b5b9fe-c5f4-4b2b-95e8-aa4d9e4a1a6c,67b0c520-10f4-44cd-afa1-56d78204f88e,"Ensures uptime, scalability and observability of production systems.",1
e7917152-01f5-4182-9e82-eea0d17be292,6bb86c62-2ade-4e28-8800-98bb982cf323,Teaches skiing.,1
d142dda5-5bc8-4671-a22f-1df152b2f489,66f7a9e0-7c4c-4184-9f2d-b64b0ae873a7,Builds sleep technology.,1
4a919a41-2de7-4f71-83f1-2450c8101f9d,c1c2ff21-86b9-4099-9b05-e14b663415e4,Conducts sleep studies.,1
60545f4f-3be4-4f53-a964-91ab5c883bd1,9652d388-d182-41a1-a667-37df74145450,Plans technology-enabled urban infrastructure.,1
f10b4c38-5e3b-4da6-8520-62efa1cc4b64,a73c96bb-4988-4419-b9ba-5cad3b2906d7,Builds smart home systems.,1
72793795-9df5-4be8-a5f3-db41f09f2bf3,fc6cbe05-282d-46d3-9b07-f703c773b6a3,Monitors security operations centers.,1
583cd1a0-cc92-4575-8f87-2dc839e8890c,c177520b-3e6c-4a13-bc99-ed3c539236c1,Manages presence across social platforms.,1
02f43569-5d59-469e-9bda-e94899e51366,ae6d781e-39ee-413a-8844-96c36e9eb0c4,Helps people overcome social challenges.,1
62649651-0b59-4baa-978c-b7785d9359ac,14c457c6-4c12-4d96-87a2-5f302018464b,Studies social behavior and institutions.,1
15da56fd-e1f7-4f7d-8688-b19f581d8f04,64b1d8f2-30eb-414c-9562-428ade39685c,"Builds and maintains software applications across web, mobile and backend systems.",1
cb5b6e5d-0fe4-43e1-8f82-2d4778ab240a,46cdd751-b752-4484-a8a4-73c103803411,Studies soil composition and use.,1
4bbb857b-cffc-4673-8c1d-153274e672ac,c3a0f57b-7e74-4abb-bac8-ea56ecefe1aa,Installs and maintains solar systems.,1
a1f4b4ce-4b81-4d20-b124-7733964819b5,de65b6ce-26cc-4d62-a9f6-851b14fa06bf,Serves in the armed forces.,1
efd678b5-6eb4-4b23-89db-bcd96a9cd0f1,7a20acf2-03ca-4c35-8cd2-510e4cb5f1b4,Writes Ethereum smart contracts.,1
4a88a7c7-0ad1-42e2-a464-25b65332660f,2e5d9423-feee-450b-aeaf-a34a7ff4c63c,Designs end-to-end technical solutions for clients.,1
f48c8e6f-0885-4321-99ce-17ada5445871,c16c6097-27ab-499d-a110-1ff57516894d,Technical seller and customer architect.,1
bc89077b-283a-4425-9b77-997f2474e95a,02dc58fe-7a8d-4191-99f4-bdf69ff23c89,Expert in wine selection and pairing.,1
c2962485-3ad1-4e08-9b5e-a83a7df1f414,6ecdcc96-8e8e-41a7-b4d6-15bb40839da3,Records and mixes audio.,1
f00fc268-f2b6-462a-9536-45ecb912b9ca,16a7e439-ca0f-4531-8337-6260beb28993,Second-in-command in a professional kitchen.,1
acb31271-316f-4199-8213-0e5d2b43c275,b45d6e6e-fa8c-46d1-bc0d-231cad51c5ca,Runs day spa operations.,1
7b7ffe01-e3e5-47dd-b188-b6afb23ca566,58fd5d1d-4278-4307-8b8e-8838ebf6f884,Researches space exploration.,1
d97cb677-dd26-4dac-92bf-2a83565619ba,fd814a9e-83f6-4b63-bb00-31b6b6db5a61,Coordinates space tourism trips.,1
9d296f17-d9e4-4c4a-b5d2-14cb16d7a004,0e7e1478-14eb-4f5e-851a-82904f07ed70,Teaches students with special needs.,1
067c53d2-3c3d-467b-82d9-141fbfa71111,b666d26c-ab9b-4f6b-98ec-ff7d88c9319e,Treats speech and swallowing disorders.,1
8389d11c-af23-40b5-b73e-042dc7e1d1cc,15ae3bb8-70cd-497b-bba3-1850d2d4ba10,Treats speech and communication disorders.,1
5dad3eca-195d-4675-a742-2c285cb18513,90cafdf0-9c64-4d2d-b8a1-dbe32e012560,Writes speeches for leaders.,1
704f0d3a-3f3c-4d39-86b2-3653d931cc62,e5cfe59e-cb50-411b-af02-fba2c1cb4f87,Represents athletes commercially.,1
a47667a8-6cd9-4f7a-8771-409a67e9f2c9,f4ca0ca1-9739-4b36-9f41-6e6ccb332bd2,Analyzes performance using data and video.,1
0b64fab8-78b3-402a-ba3a-710ef7f7b399,67e66e2e-b0ea-43c5-b8a8-6006956e9e9d,Trains athletes and teams.,1
a1bfa393-d195-4f0d-9699-b555c016d071,a6dfb5d3-b52e-4ecd-92dc-02f0156c63c7,Commentates live sports.,1
25b24934-27c0-4dbf-afdf-9815704312fc,2fe6797c-a1ce-410e-b4f8-e838966a3b12,Reports on sports for media.,1
74715e18-2ef3-449a-b817-855ce7424f04,c65da93b-e765-4ee6-b01d-16b2a261b3fb,Designs diets for athletes.,1
6637e08b-ad1d-40dd-abb4-d6cdc096b2e1,0a83861c-3dc1-47cb-b763-b01e894c4714,Treats sports injuries.,1
5ff115d7-8b31-460d-9aa0-6d84f8cd6225,78322c8d-35cf-46f6-b1a0-b8603831603c,Senior IC leading cross-team technical work.,1
0eae4b91-3370-4983-ac2c-5b7058905cd3,0f5f4906-b3a9-46a8-a550-f31b94f7657c,Manages live theater productions.,1
99605a1b-1a51-4b9a-88e2-ee5a1fef96ed,1a400d9e-d2ce-48e9-9574-10f5d3870945,Performs comedy live to audiences.,1
d78db970-420d-4a75-9b9a-31f5e5f08ff1,b88f96ba-efc3-4308-aac1-5f99e7e3870c,Analyzes data using statistical methods.,1
63660494-2f71-4d6f-a853-105412bd6300,94225a29-710b-44a4-9927-820675b52778,Researches stem cell applications.,1
00ddbdbf-4fc1-438c-8887-2fbf0bfc5913,17b8224e-0b2e-46ae-a8e0-26e8003c1c42,Teaches science and tech subjects.,1
938f3afa-6830-4b79-bec1-3f5a0d86fa70,e7a21b36-f4c1-47f1-8aa4-0b21575bb0dc,Creates STEM video content.,1
87fb9b08-36dc-4351-b653-c52fa239b564,21de4c58-9172-4020-b0cf-356580bf9757,Trades stocks for profit.,1
9abc8896-0202-4072-bbd7-2a6570995554,90f020d2-379c-464c-9743-36e200cad95f,Advises executives on growth and competitive strategy.,1
6c7c6c6c-e9be-46d2-8ff2-b947a00775d9,2ea62876-8643-4c9a-be59-39d8c6b7bf4d,Designs structural systems for buildings.,1
6b6a997e-ad3d-40a7-bf2d-1d01d2fc6f3d,42c7477b-2102-40b6-b6a6-87d578e144e7,Manages study abroad programs.,1
acc594b1-b19b-4519-a5d0-7ad648360e3c,4ce1df4a-f5cf-4e49-bd77-decaf7d81792,Serves on submarines.,1
862d0362-7d38-4696-9468-e23551aa0db2,f0885e1a-de16-4bd1-9714-e2e567314986,Supports addiction recovery.,1
0e26106a-ff6d-420a-9249-6b4f8bbfa6d2,e907384b-0a09-47dc-80d5-2289bbb07803,Optimizes flow of goods end-to-end.,1
cd5bec8d-5693-4db2-ab32-352b3646af05,58f4229b-9b18-4132-b6a8-d8714dd361c5,Teaches surfing.,1
bcf194e3-d23a-4922-864f-9aebc73f6c93,3cc46b33-4372-4ed1-a3be-c2c10ce5aa8d,Performs surgical procedures.,1
07b8ef39-b1cf-4175-85df-223fd5b80a02,d99c14e1-1477-4d20-819c-cd3a4c491036,Assists during surgery.,1
77b8f78c-91ef-4fb7-a624-ecbe7c4739b1,073bc8dd-44f2-47c5-b14b-5fb8b16692bd,Measures and maps land for construction.,1
fc29776c-db7d-4205-bd5b-fef2214dc82d,5f22398f-706c-4caf-899a-0d87a5dc2082,Advises on sustainability strategy.,1
0d39352c-b83d-47ae-8220-1ef3c155398e,f80e9aa9-2311-4fd4-91df-8294f531230a,Leads corporate environmental strategy.,1
5dee39df-e8d3-4700-be3b-944d0fdbe63b,2d567333-f291-45ed-b607-595ed73b5cd9,Engineers biological systems.,1
e1bcf762-3feb-4383-98ea-6d7d47b04b0d,9d379fd4-e314-4753-8576-0a437e5a7104,Creates synthetic media content.,1
7b893d57-5b05-4051-8816-ebc9040aff6f,9d984a08-c761-4d07-9e2b-702b3233d0ef,"Maintains servers, OS and IT infrastructure.",1
a37655ea-2930-4be9-bb03-82d389c611f2,2336ab47-1a73-4981-8f86-2fb3419823a0,Builds Tableau analytics.,1
a925ae22-8504-4b13-9dcf-b55c2cf0674d,af4f3357-0efc-4509-86f7-bd33fa9bb048,Custom-makes and alters clothing.,1
45340fbb-8fc9-4ec8-94bf-e72c849542fb,7f938093-db98-4024-bf3f-1d149d898e7b,Leads recruiting strategy and team.,1
d947673a-76e7-419a-8496-b9c2e8e1a87d,9bf8d867-5311-4ebd-a0ae-f0702e630e4e,Provides tarot card readings.,1
01226f27-7e55-4176-84ec-bd4799fb124c,7e3965f1-4cc0-437d-b7ea-7160729e19f2,Creates tattoo art on clients.,1
7c5f175a-e3fe-4290-a006-9cdeb89dbae9,a513de3f-da29-4589-b496-92b63bf53937,Advises clients on tax planning and compliance.,1
ddeb5175-e359-4607-8c96-f476a16dd982,0325c226-1c13-475d-8452-262dcb59bce1,Specializes in tax law and disputes.,1
ac277dc1-c90c-4953-aae7-a231c9ffbe05,613ff985-5d0a-43d6-8d9e-580a9eb150e0,Administers tax collection.,1
aee534cf-577b-47ab-8ced-bcf5693fd7ed,c8eebc3a-dc31-4ee3-a44f-8a00b6867ba8,Expert in tea preparation.,1
e0cd9fd2-0182-48ae-85e8-4390b3b9bfbc,4da09946-a50a-4341-8995-4dbb8654c78c,Manages products with deep technical complexity.,1
0805bd49-2ffa-4db2-8e33-0b08f67ad001,bb79fa74-4b6d-4355-93de-b751fcd0d8bb,Drives complex cross-team technical programs.,1
99fa1dcf-9e58-4daa-8708-af2d14e46b4a,11da153e-aaa1-4d0e-b65a-c578d0e747c1,Recruits engineers and technical talent.,1
7e2094b9-e4ad-4894-a023-4a50fe171b49,e93c159f-4323-4992-82b7-16967ce87472,Documents technical products and systems.,1
3fde1e6c-8d41-4817-810b-59915574ce0a,7e8135ae-bb44-4b4e-8d57-2f2eba4dc2d7,Documents APIs and developer tools.,1
b3314d71-e711-41c8-aaa6-3433dc29f638,ff7ad599-2872-4316-85e4-a71a7bac6062,Manages telehealth platforms.,1
312c6bb7-170e-4ac0-a6ed-81bb9933248a,2a5c03c4-1ce9-4acb-8b13-11db85fc3c5d,Provides healthcare remotely.,1
2a285883-ea31-48ad-8c97-3f94d7fcc1b6,9ae6152a-e428-451b-b562-fd925d98909b,Handles bank counter transactions.,1
ef4754e9-c58d-44f4-bc60-6b0e651b9db7,e790eb93-baba-4845-8d17-c762d0a855e6,Competes in professional tennis.,1
8950ff55-f07f-4dea-8b84-6d2d7a259ed4,7a0d296d-f8fd-42b7-97a1-f7b89f652809,Builds automated test frameworks.,1
1d760edd-24ea-418f-a4a2-b1b9a433f49f,d3c8d261-f4c3-4ccd-9016-a47c84076465,Coaches students for entrance exams.,1
3c858c02-03a8-4f18-bec0-9235cd2af327,757018b7-7558-4d81-8f8d-5dfaef2cc048,Designs textile manufacturing processes.,1
44755a42-115e-4cee-9b15-c6e7be29dc8a,0e2c5577-818c-4206-be75-8503f86044e4,Directs stage productions.,1
dbe84747-0a8c-4777-908f-12b72601ba7f,221fa435-d83d-4b8c-93d4-4512172e23df,Tracks adversary threat actors.,1
e8cb32b1-76db-412d-9027-05e5f269dda6,26172a5c-8511-45bb-817a-23109b7cd3dd,Leads tourists through destinations.,1
862eded4-17fa-47f0-a889-17960459b54f,b5b97c98-1a1a-4276-8507-2ec19bd51afa,Markets tourist destinations.,1
cadaa802-685f-4b2c-be4d-ef340565a52b,77f3c6f8-f72a-4060-9a04-10890d222ec1,Studies harmful effects of chemicals.,1
45331a41-1b77-48af-969e-f8766f50e4c0,c71a6299-741a-41f7-9dc1-dc16501523f6,Operates trains on rail networks.,1
fb445d00-68b8-48b1-8119-6bf0f1599077,7643a716-8962-49f1-b7f1-a38836075ea4,Translates written content between languages.,1
d8bc917c-6712-4e1e-b839-db8fdcd6a74c,cda93c1a-d078-4587-a800-9b21426b1b17,Plans and books travel for clients.,1
cda1b6f2-6fc5-422d-9058-68859c2d79ec,3593e5b9-fe4f-4c73-b78a-90e5a1b65bd2,Creates travel content and reviews.,1
d070c57d-8590-4c93-ab42-dd571358a909,0de538de-a3d9-4618-88e8-5d7e3652fb6f,Works on short-term nursing contracts.,1
faa72597-f144-425c-954a-df7af7bfe072,66a5e5c7-9248-4342-b3bd-a4e89e9b280e,Manages company cash and liquidity.,1
a43dc24c-5d3e-4ea2-b5be-f41545a23f26,981112e4-2685-44f7-a9e0-050b476a5a32,Guides trekking expeditions.,1
a059990b-1aa0-4e69-84c8-636ca86be801,1ba38b52-7443-4bcf-953f-50fc963b8ee3,Transports goods by road.,1
9fcc9b11-f7c5-49af-84b1-2a801bd30ca9,9a6b4038-c681-449f-bc38-31b30d887afe,Manages trust and safety operations.,1
1914d0fb-6a9a-4acc-99eb-87f9aa23ce6c,05255b66-80c0-4ca5-a8b7-031ff6c3426d,Crafts visual interfaces for apps and websites.,1
d7fde59a-2035-44a3-9907-07b04797560c,fa24ff68-e7d3-427a-b054-7cb6efdef182,Works in United Nations organizations.,1
fa5c3edd-69b3-4d74-8d3d-210eafb6c0b0,61d52661-9045-438b-8cbf-458cc11daac6,Builds games and 3D apps in Unity.,1
bb0f0064-2d04-42db-aec7-5a99a15d3718,191f9bcf-c74f-4b5e-975a-ae7abe57f8f4,Builds with Unreal Engine.,1
ff461c20-c060-4888-a4b0-50b82b4b6c1f,56413fda-38a7-43e0-b269-b511e741b6d4,Designs cities and public spaces.,1
29f0734e-c0ee-4606-8db9-b38850ba6b96,48012c55-1403-45b5-9ddf-1910bcdb4d7c,Plans the use and development of land in cities.,1
a76303ef-cefa-4169-a957-196ac5b0ecbe,1a30ba69-c763-4090-b816-02eec0d3aa68,Designs user experiences,1
6f7bbbaf-0d29-491b-a0f5-62bf95eec1f6,12237ee4-7429-4513-908d-963bf9b6412b,Conducts user research to inform product decisions.,1
709b483b-71e3-4725-bbf5-6d45622d102d,54014ea1-1f4a-4774-bc74-4900c1c51229,Develops vaccines.,1
6aaef703-ac97-4030-a32c-72c987174845,2c47e52a-d85c-4049-ac61-02bf7cb6ff9c,Invests in early-stage startups.,1
2ac51787-9b38-4fda-b7c5-247f728eb2fa,4de3c27a-4e7b-4e86-9c66-26eef36e7289,Designs vertical farms.,1
4d252288-c0ed-48ac-8098-321432662eb8,9de18cca-404a-40c7-bf14-686f40eda6a3,Provides medical care to animals.,1
b373931a-27bd-4cc4-ab0d-82ff5f9880f7,8c2f84f6-7064-45de-b977-100493dc482f,Supports veterinarians.,1
0b7619f1-7495-4d69-93c6-e58722c3ce1f,2c2b4a12-8886-415a-bb5f-1e4c46545673,Creates visual effects for film and media.,1
e3fe731c-3b8c-495b-84ac-956e356c3d25,361436f2-930b-4b06-a08d-773b893a7702,Captures video for events and productions.,1
d28a698e-d3e2-422f-bc6e-90caee0c91f4,6c212d50-e06a-4f65-88e8-917c76df5b3e,Provides remote administrative support.,1
802b8f13-794b-47e8-a2dd-168e29a14ed9,24c9e1ef-bd9c-41d5-85bf-b8344e72bff5,Designs in-store visual displays.,1
225a2bae-d28e-40ab-8975-105eaf25d8b3,bf5893fa-7956-4762-b828-c1764e4c8a61,Provides voices for animation and ads.,1
4f610c08-3941-441f-b87f-dba60e4de62e,bca03e78-c723-4653-9bd1-1bf68927ae94,Designs voice user experiences.,1
fba1c0d9-006a-41c0-84f0-17663d3572ce,b0a80f4c-0252-45d3-bc76-af25e0e85751,Optimizes content for voice search.,1
19e49f71-11a6-4634-9f51-a0307d72aa40,d24d8e3d-d506-43bf-a910-fcb2efd08388,Studies volcanoes.,1
e2fb33cb-624b-41de-bd51-e5b917ae961b,d5dd7dcc-7af4-497c-9e61-785010917b74,Builds Vue-based frontends.,1
249e4fd3-b29e-4217-9c26-6c52e374f2ee,9e9ba0be-5f18-4924-823d-cdb09fa91c21,Runs warehouse operations.,1
1b917be7-39f8-4c5a-8942-fb3a43ce2e44,69b8125b-663e-43e4-bdc8-bab5a3998978,Manages waste systems.,1
4aaecd40-4469-4b01-88ed-d6f0d09b08a9,e1b04267-50c8-431c-974d-f4c584f02c47,Builds and repairs watches.,1
593d1ff8-fd96-4f22-91e5-5de8d3626343,20cd9603-e3e3-4aa5-b92c-743026c98a12,Manages water systems.,1
5e469004-7c9a-4a78-bd86-1ea05611e325,830f980a-1a2f-4e52-9f14-5bdbbe508364,Manages investments for high-net-worth clients.,1
8f22bd97-e647-435f-9fa7-6669269cac67,686ec4b5-4150-4c1c-b50f-a26f6d73437e,Builds wearable devices.,1
fccd76a6-23b2-42dd-8dd9-300935c08b98,cda9c07f-d384-4f7a-b5e9-2c17c4d599d7,Manages decentralized products.,1
1a085e08-d363-40bc-a3d7-0043dbd2e819,16de9503-c49d-40da-b679-2c35c2ca463b,Specializes in wedding event planning.,1
fb3d4a12-ce7e-424b-bb07-9de815a9dbf6,d662f0c6-0dc1-4896-b166-dc94fe182d14,Joins metal parts using heat.,1
f58a56cf-daee-4778-87d6-3ba9409ebcfe,02609f40-38f4-49c6-b503-ac6c9dda53c1,Inspects welds for quality.,1
51004aa2-7413-4a94-ae08-bd8ec000f016,3698d33c-8f73-4203-a84d-dbbaddb90b6f,Provides therapy in wilderness settings.,1
8e98e53a-d839-402f-97f6-79b61f61e974,f48b3033-5c1d-49e9-bc8e-de070e50ca61,Studies wildlife in natural habitats.,1
5ffc1957-7641-4e82-a8fd-56166bf7a5b7,5222bf2b-0d7e-4365-9d72-1b50e00f8211,Maintains wind power systems.,1
f431a71f-6b7d-4d16-9f58-33b00c8bb09c,33429ecb-715c-4f9f-9518-5beae4112f32,Facilitates workshops and trainings.,1
bd75fb7d-ae36-4e53-bfaf-34cd68614382,0534ceb5-13bd-45fd-9e96-3a980312ee22,Teaches yoga to students.,1
c915991a-3de8-4b39-a11f-b01d16a91102,eec7edc1-be8b-4918-89b4-38f7f4925825,Uses yoga for therapeutic treatment.,1
95a726a3-b844-4605-abe3-3b389952eff7,73144b8c-d69c-4709-b21e-b133274bee28,Creates and monetizes video content.,1
70fb976d-d301-4479-a571-1e9f0201bc60,df66682b-c95f-4468-a48c-61a4905de577,Builds ZK cryptography systems.,1
e05f5c6d-c4d5-4054-a2c2-9fdc9d4ae4e7,df4fed6d-d7f7-4d46-b18a-165129b0d10d,Cares for animals in zoos.,1
c8f82f1d-48f5-458a-8ef3-4fbdd6a37143,52b7cf39-a13e-4666-809a-613d2e71df95,Studies animal biology and behavior.,1
